Kod;Nazwa;Nietrzeźwi sprawcy;Rok;Wartosc;Jednostka miary;Atrybut
0000000;POLSKA;ogółem;2014;2539;szt.; 
0000000;POLSKA;ogółem;2015;2175;szt.; 
0000000;POLSKA;ogółem;2016;2259;szt.; 
0000000;POLSKA;ogółem;2017;2121;szt.; 
0000000;POLSKA;ogółem;2018;2076;szt.; 
0000000;POLSKA;ogółem;2019;2052;szt.; 
0000000;POLSKA;ogółem;2020;1997;szt.; 
0000000;POLSKA;ogółem;2021;1897;szt.; 
0000000;POLSKA;ogółem;2022;1714;szt.; 
0000000;POLSKA;ogółem;2023;1584;szt.; 
0000000;POLSKA;kierujący pojazdami ogółem;2014;1838;szt.; 
0000000;POLSKA;kierujący pojazdami ogółem;2015;1575;szt.; 
0000000;POLSKA;kierujący pojazdami ogółem;2016;1686;szt.; 
0000000;POLSKA;kierujący pojazdami ogółem;2017;1603;szt.; 
0000000;POLSKA;kierujący pojazdami ogółem;2018;1592;szt.; 
0000000;POLSKA;kierujący pojazdami ogółem;2019;1655;szt.; 
0000000;POLSKA;kierujący pojazdami ogółem;2020;1656;szt.; 
0000000;POLSKA;kierujący pojazdami ogółem;2021;1602;szt.; 
0000000;POLSKA;kierujący pojazdami ogółem;2022;1415;szt.; 
0000000;POLSKA;kierujący pojazdami ogółem;2023;1331;szt.; 
0000000;POLSKA;kierujący samochodami osobowymi;2014;1311;szt.; 
0000000;POLSKA;kierujący samochodami osobowymi;2015;1119;szt.; 
0000000;POLSKA;kierujący samochodami osobowymi;2016;1138;szt.; 
0000000;POLSKA;kierujący samochodami osobowymi;2017;1097;szt.; 
0000000;POLSKA;kierujący samochodami osobowymi;2018;1038;szt.; 
0000000;POLSKA;kierujący samochodami osobowymi;2019;1092;szt.; 
0000000;POLSKA;kierujący samochodami osobowymi;2020;1075;szt.; 
0000000;POLSKA;kierujący samochodami osobowymi;2021;1066;szt.; 
0000000;POLSKA;kierujący samochodami osobowymi;2022;923;szt.; 
0000000;POLSKA;kierujący samochodami osobowymi;2023;825;szt.; 
0000000;POLSKA;kierujący motocyklami;2014;89;szt.; 
0000000;POLSKA;kierujący motocyklami;2015;84;szt.; 
0000000;POLSKA;kierujący motocyklami;2016;93;szt.; 
0000000;POLSKA;kierujący motocyklami;2017;93;szt.; 
0000000;POLSKA;kierujący motocyklami;2018;104;szt.; 
0000000;POLSKA;kierujący motocyklami;2019;109;szt.; 
0000000;POLSKA;kierujący motocyklami;2020;103;szt.; 
0000000;POLSKA;kierujący motocyklami;2021;99;szt.; 
0000000;POLSKA;kierujący motocyklami;2022;83;szt.; 
0000000;POLSKA;kierujący motocyklami;2023;96;szt.; 
0000000;POLSKA;kierujący rowerami;2014;212;szt.; 
0000000;POLSKA;kierujący rowerami;2015;177;szt.; 
0000000;POLSKA;kierujący rowerami;2016;214;szt.; 
0000000;POLSKA;kierujący rowerami;2017;192;szt.; 
0000000;POLSKA;kierujący rowerami;2018;215;szt.; 
0000000;POLSKA;kierujący rowerami;2019;243;szt.; 
0000000;POLSKA;kierujący rowerami;2020;239;szt.; 
0000000;POLSKA;kierujący rowerami;2021;180;szt.; 
0000000;POLSKA;kierujący rowerami;2022;159;szt.; 
0000000;POLSKA;kierujący rowerami;2023;176;szt.; 
0000000;POLSKA;kierujący motorowerami;2014;157;szt.; 
0000000;POLSKA;kierujący motorowerami;2015;121;szt.; 
0000000;POLSKA;kierujący motorowerami;2016;150;szt.; 
0000000;POLSKA;kierujący motorowerami;2017;135;szt.; 
0000000;POLSKA;kierujący motorowerami;2018;135;szt.; 
0000000;POLSKA;kierujący motorowerami;2019;126;szt.; 
0000000;POLSKA;kierujący motorowerami;2020;118;szt.; 
0000000;POLSKA;kierujący motorowerami;2021;94;szt.; 
0000000;POLSKA;kierujący motorowerami;2022;91;szt.; 
0000000;POLSKA;kierujący motorowerami;2023;83;szt.; 
0000000;POLSKA;kierujący samochodami ciężarowymi;2014;35;szt.; 
0000000;POLSKA;kierujący samochodami ciężarowymi;2015;33;szt.; 
0000000;POLSKA;kierujący samochodami ciężarowymi;2016;60;szt.; 
0000000;POLSKA;kierujący samochodami ciężarowymi;2017;39;szt.; 
0000000;POLSKA;kierujący samochodami ciężarowymi;2018;45;szt.; 
0000000;POLSKA;kierujący samochodami ciężarowymi;2019;45;szt.; 
0000000;POLSKA;kierujący samochodami ciężarowymi;2020;60;szt.; 
0000000;POLSKA;kierujący samochodami ciężarowymi;2021;70;szt.; 
0000000;POLSKA;kierujący samochodami ciężarowymi;2022;55;szt.; 
0000000;POLSKA;kierujący samochodami ciężarowymi;2023;51;szt.; 
0000000;POLSKA;kierujący innymi pojazdami;2014;34;szt.; 
0000000;POLSKA;kierujący innymi pojazdami;2015;41;szt.; 
0000000;POLSKA;kierujący innymi pojazdami;2016;31;szt.; 
0000000;POLSKA;kierujący innymi pojazdami;2017;47;szt.; 
0000000;POLSKA;kierujący innymi pojazdami;2018;55;szt.; 
0000000;POLSKA;kierujący innymi pojazdami;2019;40;szt.; 
0000000;POLSKA;kierujący innymi pojazdami;2020;61;szt.; 
0000000;POLSKA;kierujący innymi pojazdami;2021;93;szt.; 
0000000;POLSKA;kierujący innymi pojazdami;2022;104;szt.; 
0000000;POLSKA;kierujący innymi pojazdami;2023;100;szt.; 
0000000;POLSKA;piesi;2014;701;szt.; 
0000000;POLSKA;piesi;2015;600;szt.; 
0000000;POLSKA;piesi;2016;573;szt.; 
0000000;POLSKA;piesi;2017;518;szt.; 
0000000;POLSKA;piesi;2018;484;szt.; 
0000000;POLSKA;piesi;2019;397;szt.; 
0000000;POLSKA;piesi;2020;341;szt.; 
0000000;POLSKA;piesi;2021;295;szt.; 
0000000;POLSKA;piesi;2022;299;szt.; 
0000000;POLSKA;piesi;2023;253;szt.; 
0200000;DOLNOŚLĄSKIE;ogółem;2014;149;szt.; 
0200000;DOLNOŚLĄSKIE;ogółem;2015;139;szt.; 
0200000;DOLNOŚLĄSKIE;ogółem;2016;136;szt.; 
0200000;DOLNOŚLĄSKIE;ogółem;2017;145;szt.; 
0200000;DOLNOŚLĄSKIE;ogółem;2018;142;szt.; 
0200000;DOLNOŚLĄSKIE;ogółem;2019;121;szt.; 
0200000;DOLNOŚLĄSKIE;ogółem;2020;110;szt.; 
0200000;DOLNOŚLĄSKIE;ogółem;2021;131;szt.; 
0200000;DOLNOŚLĄSKIE;ogółem;2022;138;szt.; 
0200000;DOLNOŚLĄSKIE;ogółem;2023;114;szt.; 
0200000;DOLNOŚLĄSKIE;kierujący pojazdami ogółem;2014;117;szt.; 
0200000;DOLNOŚLĄSKIE;kierujący pojazdami ogółem;2015;103;szt.; 
0200000;DOLNOŚLĄSKIE;kierujący pojazdami ogółem;2016;99;szt.; 
0200000;DOLNOŚLĄSKIE;kierujący pojazdami ogółem;2017;113;szt.; 
0200000;DOLNOŚLĄSKIE;kierujący pojazdami ogółem;2018;111;szt.; 
0200000;DOLNOŚLĄSKIE;kierujący pojazdami ogółem;2019;96;szt.; 
0200000;DOLNOŚLĄSKIE;kierujący pojazdami ogółem;2020;91;szt.; 
0200000;DOLNOŚLĄSKIE;kierujący pojazdami ogółem;2021;104;szt.; 
0200000;DOLNOŚLĄSKIE;kierujący pojazdami ogółem;2022;104;szt.; 
0200000;DOLNOŚLĄSKIE;kierujący pojazdami ogółem;2023;98;szt.; 
0200000;DOLNOŚLĄSKIE;kierujący samochodami osobowymi;2014;91;szt.; 
0200000;DOLNOŚLĄSKIE;kierujący samochodami osobowymi;2015;76;szt.; 
0200000;DOLNOŚLĄSKIE;kierujący samochodami osobowymi;2016;67;szt.; 
0200000;DOLNOŚLĄSKIE;kierujący samochodami osobowymi;2017;74;szt.; 
0200000;DOLNOŚLĄSKIE;kierujący samochodami osobowymi;2018;81;szt.; 
0200000;DOLNOŚLĄSKIE;kierujący samochodami osobowymi;2019;69;szt.; 
0200000;DOLNOŚLĄSKIE;kierujący samochodami osobowymi;2020;63;szt.; 
0200000;DOLNOŚLĄSKIE;kierujący samochodami osobowymi;2021;79;szt.; 
0200000;DOLNOŚLĄSKIE;kierujący samochodami osobowymi;2022;72;szt.; 
0200000;DOLNOŚLĄSKIE;kierujący samochodami osobowymi;2023;67;szt.; 
0200000;DOLNOŚLĄSKIE;kierujący motocyklami;2014;7;szt.; 
0200000;DOLNOŚLĄSKIE;kierujący motocyklami;2015;5;szt.; 
0200000;DOLNOŚLĄSKIE;kierujący motocyklami;2016;5;szt.; 
0200000;DOLNOŚLĄSKIE;kierujący motocyklami;2017;8;szt.; 
0200000;DOLNOŚLĄSKIE;kierujący motocyklami;2018;11;szt.; 
0200000;DOLNOŚLĄSKIE;kierujący motocyklami;2019;7;szt.; 
0200000;DOLNOŚLĄSKIE;kierujący motocyklami;2020;4;szt.; 
0200000;DOLNOŚLĄSKIE;kierujący motocyklami;2021;7;szt.; 
0200000;DOLNOŚLĄSKIE;kierujący motocyklami;2022;9;szt.; 
0200000;DOLNOŚLĄSKIE;kierujący motocyklami;2023;11;szt.; 
0200000;DOLNOŚLĄSKIE;kierujący rowerami;2014;6;szt.; 
0200000;DOLNOŚLĄSKIE;kierujący rowerami;2015;7;szt.; 
0200000;DOLNOŚLĄSKIE;kierujący rowerami;2016;11;szt.; 
0200000;DOLNOŚLĄSKIE;kierujący rowerami;2017;16;szt.; 
0200000;DOLNOŚLĄSKIE;kierujący rowerami;2018;10;szt.; 
0200000;DOLNOŚLĄSKIE;kierujący rowerami;2019;9;szt.; 
0200000;DOLNOŚLĄSKIE;kierujący rowerami;2020;9;szt.; 
0200000;DOLNOŚLĄSKIE;kierujący rowerami;2021;5;szt.; 
0200000;DOLNOŚLĄSKIE;kierujący rowerami;2022;6;szt.; 
0200000;DOLNOŚLĄSKIE;kierujący rowerami;2023;14;szt.; 
0200000;DOLNOŚLĄSKIE;kierujący motorowerami;2014;8;szt.; 
0200000;DOLNOŚLĄSKIE;kierujący motorowerami;2015;11;szt.; 
0200000;DOLNOŚLĄSKIE;kierujący motorowerami;2016;5;szt.; 
0200000;DOLNOŚLĄSKIE;kierujący motorowerami;2017;6;szt.; 
0200000;DOLNOŚLĄSKIE;kierujący motorowerami;2018;7;szt.; 
0200000;DOLNOŚLĄSKIE;kierujący motorowerami;2019;6;szt.; 
0200000;DOLNOŚLĄSKIE;kierujący motorowerami;2020;10;szt.; 
0200000;DOLNOŚLĄSKIE;kierujący motorowerami;2021;4;szt.; 
0200000;DOLNOŚLĄSKIE;kierujący motorowerami;2022;4;szt.; 
0200000;DOLNOŚLĄSKIE;kierujący motorowerami;2023;2;szt.; 
0200000;DOLNOŚLĄSKIE;kierujący samochodami ciężarowymi;2014;1;szt.; 
0200000;DOLNOŚLĄSKIE;kierujący samochodami ciężarowymi;2015;3;szt.; 
0200000;DOLNOŚLĄSKIE;kierujący samochodami ciężarowymi;2016;9;szt.; 
0200000;DOLNOŚLĄSKIE;kierujący samochodami ciężarowymi;2017;5;szt.; 
0200000;DOLNOŚLĄSKIE;kierujący samochodami ciężarowymi;2018;1;szt.; 
0200000;DOLNOŚLĄSKIE;kierujący samochodami ciężarowymi;2019;0;szt.; 
0200000;DOLNOŚLĄSKIE;kierujący samochodami ciężarowymi;2020;2;szt.; 
0200000;DOLNOŚLĄSKIE;kierujący samochodami ciężarowymi;2021;5;szt.; 
0200000;DOLNOŚLĄSKIE;kierujący samochodami ciężarowymi;2022;6;szt.; 
0200000;DOLNOŚLĄSKIE;kierujący samochodami ciężarowymi;2023;1;szt.; 
0200000;DOLNOŚLĄSKIE;kierujący innymi pojazdami;2014;4;szt.; 
0200000;DOLNOŚLĄSKIE;kierujący innymi pojazdami;2015;1;szt.; 
0200000;DOLNOŚLĄSKIE;kierujący innymi pojazdami;2016;2;szt.; 
0200000;DOLNOŚLĄSKIE;kierujący innymi pojazdami;2017;4;szt.; 
0200000;DOLNOŚLĄSKIE;kierujący innymi pojazdami;2018;1;szt.; 
0200000;DOLNOŚLĄSKIE;kierujący innymi pojazdami;2019;5;szt.; 
0200000;DOLNOŚLĄSKIE;kierujący innymi pojazdami;2020;3;szt.; 
0200000;DOLNOŚLĄSKIE;kierujący innymi pojazdami;2021;4;szt.; 
0200000;DOLNOŚLĄSKIE;kierujący innymi pojazdami;2022;7;szt.; 
0200000;DOLNOŚLĄSKIE;kierujący innymi pojazdami;2023;3;szt.; 
0200000;DOLNOŚLĄSKIE;piesi;2014;32;szt.; 
0200000;DOLNOŚLĄSKIE;piesi;2015;36;szt.; 
0200000;DOLNOŚLĄSKIE;piesi;2016;37;szt.; 
0200000;DOLNOŚLĄSKIE;piesi;2017;32;szt.; 
0200000;DOLNOŚLĄSKIE;piesi;2018;31;szt.; 
0200000;DOLNOŚLĄSKIE;piesi;2019;25;szt.; 
0200000;DOLNOŚLĄSKIE;piesi;2020;19;szt.; 
0200000;DOLNOŚLĄSKIE;piesi;2021;27;szt.; 
0200000;DOLNOŚLĄSKIE;piesi;2022;34;szt.; 
0200000;DOLNOŚLĄSKIE;piesi;2023;16;szt.; 
0400000;KUJAWSKO-POMORSKIE;ogółem;2014;71;szt.; 
0400000;KUJAWSKO-POMORSKIE;ogółem;2015;67;szt.; 
0400000;KUJAWSKO-POMORSKIE;ogółem;2016;71;szt.; 
0400000;KUJAWSKO-POMORSKIE;ogółem;2017;56;szt.; 
0400000;KUJAWSKO-POMORSKIE;ogółem;2018;56;szt.; 
0400000;KUJAWSKO-POMORSKIE;ogółem;2019;61;szt.; 
0400000;KUJAWSKO-POMORSKIE;ogółem;2020;60;szt.; 
0400000;KUJAWSKO-POMORSKIE;ogółem;2021;72;szt.; 
0400000;KUJAWSKO-POMORSKIE;ogółem;2022;62;szt.; 
0400000;KUJAWSKO-POMORSKIE;ogółem;2023;50;szt.; 
0400000;KUJAWSKO-POMORSKIE;kierujący pojazdami ogółem;2014;57;szt.; 
0400000;KUJAWSKO-POMORSKIE;kierujący pojazdami ogółem;2015;51;szt.; 
0400000;KUJAWSKO-POMORSKIE;kierujący pojazdami ogółem;2016;54;szt.; 
0400000;KUJAWSKO-POMORSKIE;kierujący pojazdami ogółem;2017;47;szt.; 
0400000;KUJAWSKO-POMORSKIE;kierujący pojazdami ogółem;2018;45;szt.; 
0400000;KUJAWSKO-POMORSKIE;kierujący pojazdami ogółem;2019;57;szt.; 
0400000;KUJAWSKO-POMORSKIE;kierujący pojazdami ogółem;2020;51;szt.; 
0400000;KUJAWSKO-POMORSKIE;kierujący pojazdami ogółem;2021;60;szt.; 
0400000;KUJAWSKO-POMORSKIE;kierujący pojazdami ogółem;2022;56;szt.; 
0400000;KUJAWSKO-POMORSKIE;kierujący pojazdami ogółem;2023;40;szt.; 
0400000;KUJAWSKO-POMORSKIE;kierujący samochodami osobowymi;2014;49;szt.; 
0400000;KUJAWSKO-POMORSKIE;kierujący samochodami osobowymi;2015;40;szt.; 
0400000;KUJAWSKO-POMORSKIE;kierujący samochodami osobowymi;2016;41;szt.; 
0400000;KUJAWSKO-POMORSKIE;kierujący samochodami osobowymi;2017;30;szt.; 
0400000;KUJAWSKO-POMORSKIE;kierujący samochodami osobowymi;2018;27;szt.; 
0400000;KUJAWSKO-POMORSKIE;kierujący samochodami osobowymi;2019;42;szt.; 
0400000;KUJAWSKO-POMORSKIE;kierujący samochodami osobowymi;2020;28;szt.; 
0400000;KUJAWSKO-POMORSKIE;kierujący samochodami osobowymi;2021;44;szt.; 
0400000;KUJAWSKO-POMORSKIE;kierujący samochodami osobowymi;2022;42;szt.; 
0400000;KUJAWSKO-POMORSKIE;kierujący samochodami osobowymi;2023;29;szt.; 
0400000;KUJAWSKO-POMORSKIE;kierujący motocyklami;2014;4;szt.; 
0400000;KUJAWSKO-POMORSKIE;kierujący motocyklami;2015;2;szt.; 
0400000;KUJAWSKO-POMORSKIE;kierujący motocyklami;2016;3;szt.; 
0400000;KUJAWSKO-POMORSKIE;kierujący motocyklami;2017;3;szt.; 
0400000;KUJAWSKO-POMORSKIE;kierujący motocyklami;2018;5;szt.; 
0400000;KUJAWSKO-POMORSKIE;kierujący motocyklami;2019;5;szt.; 
0400000;KUJAWSKO-POMORSKIE;kierujący motocyklami;2020;5;szt.; 
0400000;KUJAWSKO-POMORSKIE;kierujący motocyklami;2021;4;szt.; 
0400000;KUJAWSKO-POMORSKIE;kierujący motocyklami;2022;4;szt.; 
0400000;KUJAWSKO-POMORSKIE;kierujący motocyklami;2023;3;szt.; 
0400000;KUJAWSKO-POMORSKIE;kierujący rowerami;2014;1;szt.; 
0400000;KUJAWSKO-POMORSKIE;kierujący rowerami;2015;4;szt.; 
0400000;KUJAWSKO-POMORSKIE;kierujący rowerami;2016;5;szt.; 
0400000;KUJAWSKO-POMORSKIE;kierujący rowerami;2017;7;szt.; 
0400000;KUJAWSKO-POMORSKIE;kierujący rowerami;2018;3;szt.; 
0400000;KUJAWSKO-POMORSKIE;kierujący rowerami;2019;6;szt.; 
0400000;KUJAWSKO-POMORSKIE;kierujący rowerami;2020;5;szt.; 
0400000;KUJAWSKO-POMORSKIE;kierujący rowerami;2021;5;szt.; 
0400000;KUJAWSKO-POMORSKIE;kierujący rowerami;2022;5;szt.; 
0400000;KUJAWSKO-POMORSKIE;kierujący rowerami;2023;3;szt.; 
0400000;KUJAWSKO-POMORSKIE;kierujący motorowerami;2014;3;szt.; 
0400000;KUJAWSKO-POMORSKIE;kierujący motorowerami;2015;4;szt.; 
0400000;KUJAWSKO-POMORSKIE;kierujący motorowerami;2016;3;szt.; 
0400000;KUJAWSKO-POMORSKIE;kierujący motorowerami;2017;6;szt.; 
0400000;KUJAWSKO-POMORSKIE;kierujący motorowerami;2018;8;szt.; 
0400000;KUJAWSKO-POMORSKIE;kierujący motorowerami;2019;2;szt.; 
0400000;KUJAWSKO-POMORSKIE;kierujący motorowerami;2020;5;szt.; 
0400000;KUJAWSKO-POMORSKIE;kierujący motorowerami;2021;4;szt.; 
0400000;KUJAWSKO-POMORSKIE;kierujący motorowerami;2022;4;szt.; 
0400000;KUJAWSKO-POMORSKIE;kierujący motorowerami;2023;2;szt.; 
0400000;KUJAWSKO-POMORSKIE;kierujący samochodami ciężarowymi;2014;0;szt.; 
0400000;KUJAWSKO-POMORSKIE;kierujący samochodami ciężarowymi;2015;1;szt.; 
0400000;KUJAWSKO-POMORSKIE;kierujący samochodami ciężarowymi;2016;2;szt.; 
0400000;KUJAWSKO-POMORSKIE;kierujący samochodami ciężarowymi;2017;0;szt.; 
0400000;KUJAWSKO-POMORSKIE;kierujący samochodami ciężarowymi;2018;1;szt.; 
0400000;KUJAWSKO-POMORSKIE;kierujący samochodami ciężarowymi;2019;2;szt.; 
0400000;KUJAWSKO-POMORSKIE;kierujący samochodami ciężarowymi;2020;4;szt.; 
0400000;KUJAWSKO-POMORSKIE;kierujący samochodami ciężarowymi;2021;3;szt.; 
0400000;KUJAWSKO-POMORSKIE;kierujący samochodami ciężarowymi;2022;0;szt.; 
0400000;KUJAWSKO-POMORSKIE;kierujący samochodami ciężarowymi;2023;1;szt.; 
0400000;KUJAWSKO-POMORSKIE;kierujący innymi pojazdami;2014;0;szt.; 
0400000;KUJAWSKO-POMORSKIE;kierujący innymi pojazdami;2015;0;szt.; 
0400000;KUJAWSKO-POMORSKIE;kierujący innymi pojazdami;2016;0;szt.; 
0400000;KUJAWSKO-POMORSKIE;kierujący innymi pojazdami;2017;1;szt.; 
0400000;KUJAWSKO-POMORSKIE;kierujący innymi pojazdami;2018;1;szt.; 
0400000;KUJAWSKO-POMORSKIE;kierujący innymi pojazdami;2019;0;szt.; 
0400000;KUJAWSKO-POMORSKIE;kierujący innymi pojazdami;2020;4;szt.; 
0400000;KUJAWSKO-POMORSKIE;kierujący innymi pojazdami;2021;0;szt.; 
0400000;KUJAWSKO-POMORSKIE;kierujący innymi pojazdami;2022;1;szt.; 
0400000;KUJAWSKO-POMORSKIE;kierujący innymi pojazdami;2023;2;szt.; 
0400000;KUJAWSKO-POMORSKIE;piesi;2014;14;szt.; 
0400000;KUJAWSKO-POMORSKIE;piesi;2015;16;szt.; 
0400000;KUJAWSKO-POMORSKIE;piesi;2016;17;szt.; 
0400000;KUJAWSKO-POMORSKIE;piesi;2017;9;szt.; 
0400000;KUJAWSKO-POMORSKIE;piesi;2018;11;szt.; 
0400000;KUJAWSKO-POMORSKIE;piesi;2019;4;szt.; 
0400000;KUJAWSKO-POMORSKIE;piesi;2020;9;szt.; 
0400000;KUJAWSKO-POMORSKIE;piesi;2021;12;szt.; 
0400000;KUJAWSKO-POMORSKIE;piesi;2022;6;szt.; 
0400000;KUJAWSKO-POMORSKIE;piesi;2023;10;szt.; 
0600000;LUBELSKIE;ogółem;2014;157;szt.; 
0600000;LUBELSKIE;ogółem;2015;117;szt.; 
0600000;LUBELSKIE;ogółem;2016;103;szt.; 
0600000;LUBELSKIE;ogółem;2017;109;szt.; 
0600000;LUBELSKIE;ogółem;2018;123;szt.; 
0600000;LUBELSKIE;ogółem;2019;118;szt.; 
0600000;LUBELSKIE;ogółem;2020;135;szt.; 
0600000;LUBELSKIE;ogółem;2021;103;szt.; 
0600000;LUBELSKIE;ogółem;2022;102;szt.; 
0600000;LUBELSKIE;ogółem;2023;83;szt.; 
0600000;LUBELSKIE;kierujący pojazdami ogółem;2014;117;szt.; 
0600000;LUBELSKIE;kierujący pojazdami ogółem;2015;89;szt.; 
0600000;LUBELSKIE;kierujący pojazdami ogółem;2016;78;szt.; 
0600000;LUBELSKIE;kierujący pojazdami ogółem;2017;86;szt.; 
0600000;LUBELSKIE;kierujący pojazdami ogółem;2018;80;szt.; 
0600000;LUBELSKIE;kierujący pojazdami ogółem;2019;97;szt.; 
0600000;LUBELSKIE;kierujący pojazdami ogółem;2020;121;szt.; 
0600000;LUBELSKIE;kierujący pojazdami ogółem;2021;83;szt.; 
0600000;LUBELSKIE;kierujący pojazdami ogółem;2022;92;szt.; 
0600000;LUBELSKIE;kierujący pojazdami ogółem;2023;62;szt.; 
0600000;LUBELSKIE;kierujący samochodami osobowymi;2014;89;szt.; 
0600000;LUBELSKIE;kierujący samochodami osobowymi;2015;65;szt.; 
0600000;LUBELSKIE;kierujący samochodami osobowymi;2016;55;szt.; 
0600000;LUBELSKIE;kierujący samochodami osobowymi;2017;55;szt.; 
0600000;LUBELSKIE;kierujący samochodami osobowymi;2018;56;szt.; 
0600000;LUBELSKIE;kierujący samochodami osobowymi;2019;67;szt.; 
0600000;LUBELSKIE;kierujący samochodami osobowymi;2020;79;szt.; 
0600000;LUBELSKIE;kierujący samochodami osobowymi;2021;54;szt.; 
0600000;LUBELSKIE;kierujący samochodami osobowymi;2022;65;szt.; 
0600000;LUBELSKIE;kierujący samochodami osobowymi;2023;38;szt.; 
0600000;LUBELSKIE;kierujący motocyklami;2014;6;szt.; 
0600000;LUBELSKIE;kierujący motocyklami;2015;7;szt.; 
0600000;LUBELSKIE;kierujący motocyklami;2016;7;szt.; 
0600000;LUBELSKIE;kierujący motocyklami;2017;8;szt.; 
0600000;LUBELSKIE;kierujący motocyklami;2018;4;szt.; 
0600000;LUBELSKIE;kierujący motocyklami;2019;7;szt.; 
0600000;LUBELSKIE;kierujący motocyklami;2020;3;szt.; 
0600000;LUBELSKIE;kierujący motocyklami;2021;7;szt.; 
0600000;LUBELSKIE;kierujący motocyklami;2022;5;szt.; 
0600000;LUBELSKIE;kierujący motocyklami;2023;6;szt.; 
0600000;LUBELSKIE;kierujący rowerami;2014;14;szt.; 
0600000;LUBELSKIE;kierujący rowerami;2015;10;szt.; 
0600000;LUBELSKIE;kierujący rowerami;2016;7;szt.; 
0600000;LUBELSKIE;kierujący rowerami;2017;8;szt.; 
0600000;LUBELSKIE;kierujący rowerami;2018;10;szt.; 
0600000;LUBELSKIE;kierujący rowerami;2019;10;szt.; 
0600000;LUBELSKIE;kierujący rowerami;2020;22;szt.; 
0600000;LUBELSKIE;kierujący rowerami;2021;10;szt.; 
0600000;LUBELSKIE;kierujący rowerami;2022;9;szt.; 
0600000;LUBELSKIE;kierujący rowerami;2023;11;szt.; 
0600000;LUBELSKIE;kierujący motorowerami;2014;6;szt.; 
0600000;LUBELSKIE;kierujący motorowerami;2015;3;szt.; 
0600000;LUBELSKIE;kierujący motorowerami;2016;5;szt.; 
0600000;LUBELSKIE;kierujący motorowerami;2017;10;szt.; 
0600000;LUBELSKIE;kierujący motorowerami;2018;6;szt.; 
0600000;LUBELSKIE;kierujący motorowerami;2019;8;szt.; 
0600000;LUBELSKIE;kierujący motorowerami;2020;9;szt.; 
0600000;LUBELSKIE;kierujący motorowerami;2021;5;szt.; 
0600000;LUBELSKIE;kierujący motorowerami;2022;5;szt.; 
0600000;LUBELSKIE;kierujący motorowerami;2023;2;szt.; 
0600000;LUBELSKIE;kierujący samochodami ciężarowymi;2014;2;szt.; 
0600000;LUBELSKIE;kierujący samochodami ciężarowymi;2015;1;szt.; 
0600000;LUBELSKIE;kierujący samochodami ciężarowymi;2016;2;szt.; 
0600000;LUBELSKIE;kierujący samochodami ciężarowymi;2017;3;szt.; 
0600000;LUBELSKIE;kierujący samochodami ciężarowymi;2018;1;szt.; 
0600000;LUBELSKIE;kierujący samochodami ciężarowymi;2019;1;szt.; 
0600000;LUBELSKIE;kierujący samochodami ciężarowymi;2020;6;szt.; 
0600000;LUBELSKIE;kierujący samochodami ciężarowymi;2021;6;szt.; 
0600000;LUBELSKIE;kierujący samochodami ciężarowymi;2022;3;szt.; 
0600000;LUBELSKIE;kierujący samochodami ciężarowymi;2023;3;szt.; 
0600000;LUBELSKIE;kierujący innymi pojazdami;2014;0;szt.; 
0600000;LUBELSKIE;kierujący innymi pojazdami;2015;3;szt.; 
0600000;LUBELSKIE;kierujący innymi pojazdami;2016;2;szt.; 
0600000;LUBELSKIE;kierujący innymi pojazdami;2017;2;szt.; 
0600000;LUBELSKIE;kierujący innymi pojazdami;2018;3;szt.; 
0600000;LUBELSKIE;kierujący innymi pojazdami;2019;4;szt.; 
0600000;LUBELSKIE;kierujący innymi pojazdami;2020;2;szt.; 
0600000;LUBELSKIE;kierujący innymi pojazdami;2021;1;szt.; 
0600000;LUBELSKIE;kierujący innymi pojazdami;2022;5;szt.; 
0600000;LUBELSKIE;kierujący innymi pojazdami;2023;2;szt.; 
0600000;LUBELSKIE;piesi;2014;40;szt.; 
0600000;LUBELSKIE;piesi;2015;28;szt.; 
0600000;LUBELSKIE;piesi;2016;25;szt.; 
0600000;LUBELSKIE;piesi;2017;23;szt.; 
0600000;LUBELSKIE;piesi;2018;43;szt.; 
0600000;LUBELSKIE;piesi;2019;21;szt.; 
0600000;LUBELSKIE;piesi;2020;14;szt.; 
0600000;LUBELSKIE;piesi;2021;20;szt.; 
0600000;LUBELSKIE;piesi;2022;10;szt.; 
0600000;LUBELSKIE;piesi;2023;21;szt.; 
0800000;LUBUSKIE;ogółem;2014;45;szt.; 
0800000;LUBUSKIE;ogółem;2015;38;szt.; 
0800000;LUBUSKIE;ogółem;2016;52;szt.; 
0800000;LUBUSKIE;ogółem;2017;40;szt.; 
0800000;LUBUSKIE;ogółem;2018;45;szt.; 
0800000;LUBUSKIE;ogółem;2019;52;szt.; 
0800000;LUBUSKIE;ogółem;2020;55;szt.; 
0800000;LUBUSKIE;ogółem;2021;45;szt.; 
0800000;LUBUSKIE;ogółem;2022;43;szt.; 
0800000;LUBUSKIE;ogółem;2023;40;szt.; 
0800000;LUBUSKIE;kierujący pojazdami ogółem;2014;34;szt.; 
0800000;LUBUSKIE;kierujący pojazdami ogółem;2015;26;szt.; 
0800000;LUBUSKIE;kierujący pojazdami ogółem;2016;41;szt.; 
0800000;LUBUSKIE;kierujący pojazdami ogółem;2017;35;szt.; 
0800000;LUBUSKIE;kierujący pojazdami ogółem;2018;39;szt.; 
0800000;LUBUSKIE;kierujący pojazdami ogółem;2019;43;szt.; 
0800000;LUBUSKIE;kierujący pojazdami ogółem;2020;43;szt.; 
0800000;LUBUSKIE;kierujący pojazdami ogółem;2021;38;szt.; 
0800000;LUBUSKIE;kierujący pojazdami ogółem;2022;38;szt.; 
0800000;LUBUSKIE;kierujący pojazdami ogółem;2023;37;szt.; 
0800000;LUBUSKIE;kierujący samochodami osobowymi;2014;27;szt.; 
0800000;LUBUSKIE;kierujący samochodami osobowymi;2015;22;szt.; 
0800000;LUBUSKIE;kierujący samochodami osobowymi;2016;26;szt.; 
0800000;LUBUSKIE;kierujący samochodami osobowymi;2017;25;szt.; 
0800000;LUBUSKIE;kierujący samochodami osobowymi;2018;25;szt.; 
0800000;LUBUSKIE;kierujący samochodami osobowymi;2019;25;szt.; 
0800000;LUBUSKIE;kierujący samochodami osobowymi;2020;28;szt.; 
0800000;LUBUSKIE;kierujący samochodami osobowymi;2021;24;szt.; 
0800000;LUBUSKIE;kierujący samochodami osobowymi;2022;26;szt.; 
0800000;LUBUSKIE;kierujący samochodami osobowymi;2023;28;szt.; 
0800000;LUBUSKIE;kierujący motocyklami;2014;0;szt.; 
0800000;LUBUSKIE;kierujący motocyklami;2015;0;szt.; 
0800000;LUBUSKIE;kierujący motocyklami;2016;1;szt.; 
0800000;LUBUSKIE;kierujący motocyklami;2017;0;szt.; 
0800000;LUBUSKIE;kierujący motocyklami;2018;5;szt.; 
0800000;LUBUSKIE;kierujący motocyklami;2019;5;szt.; 
0800000;LUBUSKIE;kierujący motocyklami;2020;2;szt.; 
0800000;LUBUSKIE;kierujący motocyklami;2021;2;szt.; 
0800000;LUBUSKIE;kierujący motocyklami;2022;1;szt.; 
0800000;LUBUSKIE;kierujący motocyklami;2023;1;szt.; 
0800000;LUBUSKIE;kierujący rowerami;2014;4;szt.; 
0800000;LUBUSKIE;kierujący rowerami;2015;1;szt.; 
0800000;LUBUSKIE;kierujący rowerami;2016;6;szt.; 
0800000;LUBUSKIE;kierujący rowerami;2017;3;szt.; 
0800000;LUBUSKIE;kierujący rowerami;2018;1;szt.; 
0800000;LUBUSKIE;kierujący rowerami;2019;5;szt.; 
0800000;LUBUSKIE;kierujący rowerami;2020;9;szt.; 
0800000;LUBUSKIE;kierujący rowerami;2021;5;szt.; 
0800000;LUBUSKIE;kierujący rowerami;2022;4;szt.; 
0800000;LUBUSKIE;kierujący rowerami;2023;2;szt.; 
0800000;LUBUSKIE;kierujący motorowerami;2014;2;szt.; 
0800000;LUBUSKIE;kierujący motorowerami;2015;2;szt.; 
0800000;LUBUSKIE;kierujący motorowerami;2016;7;szt.; 
0800000;LUBUSKIE;kierujący motorowerami;2017;6;szt.; 
0800000;LUBUSKIE;kierujący motorowerami;2018;6;szt.; 
0800000;LUBUSKIE;kierujący motorowerami;2019;6;szt.; 
0800000;LUBUSKIE;kierujący motorowerami;2020;2;szt.; 
0800000;LUBUSKIE;kierujący motorowerami;2021;3;szt.; 
0800000;LUBUSKIE;kierujący motorowerami;2022;4;szt.; 
0800000;LUBUSKIE;kierujący motorowerami;2023;3;szt.; 
0800000;LUBUSKIE;kierujący samochodami ciężarowymi;2014;0;szt.; 
0800000;LUBUSKIE;kierujący samochodami ciężarowymi;2015;1;szt.; 
0800000;LUBUSKIE;kierujący samochodami ciężarowymi;2016;1;szt.; 
0800000;LUBUSKIE;kierujący samochodami ciężarowymi;2017;0;szt.; 
0800000;LUBUSKIE;kierujący samochodami ciężarowymi;2018;1;szt.; 
0800000;LUBUSKIE;kierujący samochodami ciężarowymi;2019;2;szt.; 
0800000;LUBUSKIE;kierujący samochodami ciężarowymi;2020;2;szt.; 
0800000;LUBUSKIE;kierujący samochodami ciężarowymi;2021;3;szt.; 
0800000;LUBUSKIE;kierujący samochodami ciężarowymi;2022;3;szt.; 
0800000;LUBUSKIE;kierujący samochodami ciężarowymi;2023;2;szt.; 
0800000;LUBUSKIE;kierujący innymi pojazdami;2014;1;szt.; 
0800000;LUBUSKIE;kierujący innymi pojazdami;2015;0;szt.; 
0800000;LUBUSKIE;kierujący innymi pojazdami;2016;0;szt.; 
0800000;LUBUSKIE;kierujący innymi pojazdami;2017;1;szt.; 
0800000;LUBUSKIE;kierujący innymi pojazdami;2018;1;szt.; 
0800000;LUBUSKIE;kierujący innymi pojazdami;2019;0;szt.; 
0800000;LUBUSKIE;kierujący innymi pojazdami;2020;0;szt.; 
0800000;LUBUSKIE;kierujący innymi pojazdami;2021;1;szt.; 
0800000;LUBUSKIE;kierujący innymi pojazdami;2022;0;szt.; 
0800000;LUBUSKIE;kierujący innymi pojazdami;2023;1;szt.; 
0800000;LUBUSKIE;piesi;2014;11;szt.; 
0800000;LUBUSKIE;piesi;2015;12;szt.; 
0800000;LUBUSKIE;piesi;2016;11;szt.; 
0800000;LUBUSKIE;piesi;2017;5;szt.; 
0800000;LUBUSKIE;piesi;2018;6;szt.; 
0800000;LUBUSKIE;piesi;2019;9;szt.; 
0800000;LUBUSKIE;piesi;2020;12;szt.; 
0800000;LUBUSKIE;piesi;2021;7;szt.; 
0800000;LUBUSKIE;piesi;2022;5;szt.; 
0800000;LUBUSKIE;piesi;2023;3;szt.; 
1000000;ŁÓDZKIE;ogółem;2014;295;szt.; 
1000000;ŁÓDZKIE;ogółem;2015;271;szt.; 
1000000;ŁÓDZKIE;ogółem;2016;302;szt.; 
1000000;ŁÓDZKIE;ogółem;2017;256;szt.; 
1000000;ŁÓDZKIE;ogółem;2018;237;szt.; 
1000000;ŁÓDZKIE;ogółem;2019;237;szt.; 
1000000;ŁÓDZKIE;ogółem;2020;181;szt.; 
1000000;ŁÓDZKIE;ogółem;2021;179;szt.; 
1000000;ŁÓDZKIE;ogółem;2022;165;szt.; 
1000000;ŁÓDZKIE;ogółem;2023;122;szt.; 
1000000;ŁÓDZKIE;kierujący pojazdami ogółem;2014;201;szt.; 
1000000;ŁÓDZKIE;kierujący pojazdami ogółem;2015;197;szt.; 
1000000;ŁÓDZKIE;kierujący pojazdami ogółem;2016;224;szt.; 
1000000;ŁÓDZKIE;kierujący pojazdami ogółem;2017;197;szt.; 
1000000;ŁÓDZKIE;kierujący pojazdami ogółem;2018;179;szt.; 
1000000;ŁÓDZKIE;kierujący pojazdami ogółem;2019;194;szt.; 
1000000;ŁÓDZKIE;kierujący pojazdami ogółem;2020;146;szt.; 
1000000;ŁÓDZKIE;kierujący pojazdami ogółem;2021;161;szt.; 
1000000;ŁÓDZKIE;kierujący pojazdami ogółem;2022;129;szt.; 
1000000;ŁÓDZKIE;kierujący pojazdami ogółem;2023;107;szt.; 
1000000;ŁÓDZKIE;kierujący samochodami osobowymi;2014;138;szt.; 
1000000;ŁÓDZKIE;kierujący samochodami osobowymi;2015;140;szt.; 
1000000;ŁÓDZKIE;kierujący samochodami osobowymi;2016;144;szt.; 
1000000;ŁÓDZKIE;kierujący samochodami osobowymi;2017;140;szt.; 
1000000;ŁÓDZKIE;kierujący samochodami osobowymi;2018;123;szt.; 
1000000;ŁÓDZKIE;kierujący samochodami osobowymi;2019;133;szt.; 
1000000;ŁÓDZKIE;kierujący samochodami osobowymi;2020;98;szt.; 
1000000;ŁÓDZKIE;kierujący samochodami osobowymi;2021;114;szt.; 
1000000;ŁÓDZKIE;kierujący samochodami osobowymi;2022;93;szt.; 
1000000;ŁÓDZKIE;kierujący samochodami osobowymi;2023;77;szt.; 
1000000;ŁÓDZKIE;kierujący motocyklami;2014;6;szt.; 
1000000;ŁÓDZKIE;kierujący motocyklami;2015;13;szt.; 
1000000;ŁÓDZKIE;kierujący motocyklami;2016;11;szt.; 
1000000;ŁÓDZKIE;kierujący motocyklami;2017;11;szt.; 
1000000;ŁÓDZKIE;kierujący motocyklami;2018;7;szt.; 
1000000;ŁÓDZKIE;kierujący motocyklami;2019;8;szt.; 
1000000;ŁÓDZKIE;kierujący motocyklami;2020;10;szt.; 
1000000;ŁÓDZKIE;kierujący motocyklami;2021;8;szt.; 
1000000;ŁÓDZKIE;kierujący motocyklami;2022;4;szt.; 
1000000;ŁÓDZKIE;kierujący motocyklami;2023;3;szt.; 
1000000;ŁÓDZKIE;kierujący rowerami;2014;19;szt.; 
1000000;ŁÓDZKIE;kierujący rowerami;2015;21;szt.; 
1000000;ŁÓDZKIE;kierujący rowerami;2016;31;szt.; 
1000000;ŁÓDZKIE;kierujący rowerami;2017;30;szt.; 
1000000;ŁÓDZKIE;kierujący rowerami;2018;31;szt.; 
1000000;ŁÓDZKIE;kierujący rowerami;2019;32;szt.; 
1000000;ŁÓDZKIE;kierujący rowerami;2020;18;szt.; 
1000000;ŁÓDZKIE;kierujący rowerami;2021;18;szt.; 
1000000;ŁÓDZKIE;kierujący rowerami;2022;11;szt.; 
1000000;ŁÓDZKIE;kierujący rowerami;2023;13;szt.; 
1000000;ŁÓDZKIE;kierujący motorowerami;2014;24;szt.; 
1000000;ŁÓDZKIE;kierujący motorowerami;2015;16;szt.; 
1000000;ŁÓDZKIE;kierujący motorowerami;2016;23;szt.; 
1000000;ŁÓDZKIE;kierujący motorowerami;2017;8;szt.; 
1000000;ŁÓDZKIE;kierujący motorowerami;2018;10;szt.; 
1000000;ŁÓDZKIE;kierujący motorowerami;2019;9;szt.; 
1000000;ŁÓDZKIE;kierujący motorowerami;2020;13;szt.; 
1000000;ŁÓDZKIE;kierujący motorowerami;2021;7;szt.; 
1000000;ŁÓDZKIE;kierujący motorowerami;2022;7;szt.; 
1000000;ŁÓDZKIE;kierujący motorowerami;2023;5;szt.; 
1000000;ŁÓDZKIE;kierujący samochodami ciężarowymi;2014;9;szt.; 
1000000;ŁÓDZKIE;kierujący samochodami ciężarowymi;2015;3;szt.; 
1000000;ŁÓDZKIE;kierujący samochodami ciężarowymi;2016;11;szt.; 
1000000;ŁÓDZKIE;kierujący samochodami ciężarowymi;2017;5;szt.; 
1000000;ŁÓDZKIE;kierujący samochodami ciężarowymi;2018;6;szt.; 
1000000;ŁÓDZKIE;kierujący samochodami ciężarowymi;2019;8;szt.; 
1000000;ŁÓDZKIE;kierujący samochodami ciężarowymi;2020;6;szt.; 
1000000;ŁÓDZKIE;kierujący samochodami ciężarowymi;2021;7;szt.; 
1000000;ŁÓDZKIE;kierujący samochodami ciężarowymi;2022;8;szt.; 
1000000;ŁÓDZKIE;kierujący samochodami ciężarowymi;2023;3;szt.; 
1000000;ŁÓDZKIE;kierujący innymi pojazdami;2014;5;szt.; 
1000000;ŁÓDZKIE;kierujący innymi pojazdami;2015;4;szt.; 
1000000;ŁÓDZKIE;kierujący innymi pojazdami;2016;4;szt.; 
1000000;ŁÓDZKIE;kierujący innymi pojazdami;2017;3;szt.; 
1000000;ŁÓDZKIE;kierujący innymi pojazdami;2018;2;szt.; 
1000000;ŁÓDZKIE;kierujący innymi pojazdami;2019;4;szt.; 
1000000;ŁÓDZKIE;kierujący innymi pojazdami;2020;1;szt.; 
1000000;ŁÓDZKIE;kierujący innymi pojazdami;2021;7;szt.; 
1000000;ŁÓDZKIE;kierujący innymi pojazdami;2022;6;szt.; 
1000000;ŁÓDZKIE;kierujący innymi pojazdami;2023;6;szt.; 
1000000;ŁÓDZKIE;piesi;2014;94;szt.; 
1000000;ŁÓDZKIE;piesi;2015;74;szt.; 
1000000;ŁÓDZKIE;piesi;2016;78;szt.; 
1000000;ŁÓDZKIE;piesi;2017;59;szt.; 
1000000;ŁÓDZKIE;piesi;2018;58;szt.; 
1000000;ŁÓDZKIE;piesi;2019;43;szt.; 
1000000;ŁÓDZKIE;piesi;2020;35;szt.; 
1000000;ŁÓDZKIE;piesi;2021;18;szt.; 
1000000;ŁÓDZKIE;piesi;2022;36;szt.; 
1000000;ŁÓDZKIE;piesi;2023;15;szt.; 
1200000;MAŁOPOLSKIE;ogółem;2014;282;szt.; 
1200000;MAŁOPOLSKIE;ogółem;2015;217;szt.; 
1200000;MAŁOPOLSKIE;ogółem;2016;231;szt.; 
1200000;MAŁOPOLSKIE;ogółem;2017;217;szt.; 
1200000;MAŁOPOLSKIE;ogółem;2018;247;szt.; 
1200000;MAŁOPOLSKIE;ogółem;2019;205;szt.; 
1200000;MAŁOPOLSKIE;ogółem;2020;183;szt.; 
1200000;MAŁOPOLSKIE;ogółem;2021;203;szt.; 
1200000;MAŁOPOLSKIE;ogółem;2022;200;szt.; 
1200000;MAŁOPOLSKIE;ogółem;2023;185;szt.; 
1200000;MAŁOPOLSKIE;kierujący pojazdami ogółem;2014;182;szt.; 
1200000;MAŁOPOLSKIE;kierujący pojazdami ogółem;2015;134;szt.; 
1200000;MAŁOPOLSKIE;kierujący pojazdami ogółem;2016;149;szt.; 
1200000;MAŁOPOLSKIE;kierujący pojazdami ogółem;2017;143;szt.; 
1200000;MAŁOPOLSKIE;kierujący pojazdami ogółem;2018;184;szt.; 
1200000;MAŁOPOLSKIE;kierujący pojazdami ogółem;2019;159;szt.; 
1200000;MAŁOPOLSKIE;kierujący pojazdami ogółem;2020;148;szt.; 
1200000;MAŁOPOLSKIE;kierujący pojazdami ogółem;2021;166;szt.; 
1200000;MAŁOPOLSKIE;kierujący pojazdami ogółem;2022;173;szt.; 
1200000;MAŁOPOLSKIE;kierujący pojazdami ogółem;2023;149;szt.; 
1200000;MAŁOPOLSKIE;kierujący samochodami osobowymi;2014;111;szt.; 
1200000;MAŁOPOLSKIE;kierujący samochodami osobowymi;2015;79;szt.; 
1200000;MAŁOPOLSKIE;kierujący samochodami osobowymi;2016;93;szt.; 
1200000;MAŁOPOLSKIE;kierujący samochodami osobowymi;2017;97;szt.; 
1200000;MAŁOPOLSKIE;kierujący samochodami osobowymi;2018;105;szt.; 
1200000;MAŁOPOLSKIE;kierujący samochodami osobowymi;2019;89;szt.; 
1200000;MAŁOPOLSKIE;kierujący samochodami osobowymi;2020;82;szt.; 
1200000;MAŁOPOLSKIE;kierujący samochodami osobowymi;2021;76;szt.; 
1200000;MAŁOPOLSKIE;kierujący samochodami osobowymi;2022;83;szt.; 
1200000;MAŁOPOLSKIE;kierujący samochodami osobowymi;2023;58;szt.; 
1200000;MAŁOPOLSKIE;kierujący motocyklami;2014;14;szt.; 
1200000;MAŁOPOLSKIE;kierujący motocyklami;2015;11;szt.; 
1200000;MAŁOPOLSKIE;kierujący motocyklami;2016;13;szt.; 
1200000;MAŁOPOLSKIE;kierujący motocyklami;2017;9;szt.; 
1200000;MAŁOPOLSKIE;kierujący motocyklami;2018;10;szt.; 
1200000;MAŁOPOLSKIE;kierujący motocyklami;2019;14;szt.; 
1200000;MAŁOPOLSKIE;kierujący motocyklami;2020;9;szt.; 
1200000;MAŁOPOLSKIE;kierujący motocyklami;2021;9;szt.; 
1200000;MAŁOPOLSKIE;kierujący motocyklami;2022;8;szt.; 
1200000;MAŁOPOLSKIE;kierujący motocyklami;2023;11;szt.; 
1200000;MAŁOPOLSKIE;kierujący rowerami;2014;31;szt.; 
1200000;MAŁOPOLSKIE;kierujący rowerami;2015;22;szt.; 
1200000;MAŁOPOLSKIE;kierujący rowerami;2016;24;szt.; 
1200000;MAŁOPOLSKIE;kierujący rowerami;2017;20;szt.; 
1200000;MAŁOPOLSKIE;kierujący rowerami;2018;27;szt.; 
1200000;MAŁOPOLSKIE;kierujący rowerami;2019;35;szt.; 
1200000;MAŁOPOLSKIE;kierujący rowerami;2020;24;szt.; 
1200000;MAŁOPOLSKIE;kierujący rowerami;2021;25;szt.; 
1200000;MAŁOPOLSKIE;kierujący rowerami;2022;30;szt.; 
1200000;MAŁOPOLSKIE;kierujący rowerami;2023;33;szt.; 
1200000;MAŁOPOLSKIE;kierujący motorowerami;2014;17;szt.; 
1200000;MAŁOPOLSKIE;kierujący motorowerami;2015;13;szt.; 
1200000;MAŁOPOLSKIE;kierujący motorowerami;2016;14;szt.; 
1200000;MAŁOPOLSKIE;kierujący motorowerami;2017;12;szt.; 
1200000;MAŁOPOLSKIE;kierujący motorowerami;2018;17;szt.; 
1200000;MAŁOPOLSKIE;kierujący motorowerami;2019;10;szt.; 
1200000;MAŁOPOLSKIE;kierujący motorowerami;2020;17;szt.; 
1200000;MAŁOPOLSKIE;kierujący motorowerami;2021;12;szt.; 
1200000;MAŁOPOLSKIE;kierujący motorowerami;2022;14;szt.; 
1200000;MAŁOPOLSKIE;kierujący motorowerami;2023;12;szt.; 
1200000;MAŁOPOLSKIE;kierujący samochodami ciężarowymi;2014;3;szt.; 
1200000;MAŁOPOLSKIE;kierujący samochodami ciężarowymi;2015;5;szt.; 
1200000;MAŁOPOLSKIE;kierujący samochodami ciężarowymi;2016;2;szt.; 
1200000;MAŁOPOLSKIE;kierujący samochodami ciężarowymi;2017;0;szt.; 
1200000;MAŁOPOLSKIE;kierujący samochodami ciężarowymi;2018;7;szt.; 
1200000;MAŁOPOLSKIE;kierujący samochodami ciężarowymi;2019;3;szt.; 
1200000;MAŁOPOLSKIE;kierujący samochodami ciężarowymi;2020;2;szt.; 
1200000;MAŁOPOLSKIE;kierujący samochodami ciężarowymi;2021;5;szt.; 
1200000;MAŁOPOLSKIE;kierujący samochodami ciężarowymi;2022;1;szt.; 
1200000;MAŁOPOLSKIE;kierujący samochodami ciężarowymi;2023;1;szt.; 
1200000;MAŁOPOLSKIE;kierujący innymi pojazdami;2014;6;szt.; 
1200000;MAŁOPOLSKIE;kierujący innymi pojazdami;2015;4;szt.; 
1200000;MAŁOPOLSKIE;kierujący innymi pojazdami;2016;3;szt.; 
1200000;MAŁOPOLSKIE;kierujący innymi pojazdami;2017;5;szt.; 
1200000;MAŁOPOLSKIE;kierujący innymi pojazdami;2018;18;szt.; 
1200000;MAŁOPOLSKIE;kierujący innymi pojazdami;2019;8;szt.; 
1200000;MAŁOPOLSKIE;kierujący innymi pojazdami;2020;14;szt.; 
1200000;MAŁOPOLSKIE;kierujący innymi pojazdami;2021;39;szt.; 
1200000;MAŁOPOLSKIE;kierujący innymi pojazdami;2022;37;szt.; 
1200000;MAŁOPOLSKIE;kierujący innymi pojazdami;2023;34;szt.; 
1200000;MAŁOPOLSKIE;piesi;2014;100;szt.; 
1200000;MAŁOPOLSKIE;piesi;2015;83;szt.; 
1200000;MAŁOPOLSKIE;piesi;2016;82;szt.; 
1200000;MAŁOPOLSKIE;piesi;2017;74;szt.; 
1200000;MAŁOPOLSKIE;piesi;2018;63;szt.; 
1200000;MAŁOPOLSKIE;piesi;2019;46;szt.; 
1200000;MAŁOPOLSKIE;piesi;2020;35;szt.; 
1200000;MAŁOPOLSKIE;piesi;2021;37;szt.; 
1200000;MAŁOPOLSKIE;piesi;2022;27;szt.; 
1200000;MAŁOPOLSKIE;piesi;2023;36;szt.; 
1400000;MAZOWIECKIE;ogółem;2014;331;szt.; 
1400000;MAZOWIECKIE;ogółem;2015;279;szt.; 
1400000;MAZOWIECKIE;ogółem;2016;260;szt.; 
1400000;MAZOWIECKIE;ogółem;2017;245;szt.; 
1400000;MAZOWIECKIE;ogółem;2018;243;szt.; 
1400000;MAZOWIECKIE;ogółem;2019;271;szt.; 
1400000;MAZOWIECKIE;ogółem;2020;284;szt.; 
1400000;MAZOWIECKIE;ogółem;2021;276;szt.; 
1400000;MAZOWIECKIE;ogółem;2022;252;szt.; 
1400000;MAZOWIECKIE;ogółem;2023;287;szt.; 
1400000;MAZOWIECKIE;kierujący pojazdami ogółem;2014;244;szt.; 
1400000;MAZOWIECKIE;kierujący pojazdami ogółem;2015;216;szt.; 
1400000;MAZOWIECKIE;kierujący pojazdami ogółem;2016;202;szt.; 
1400000;MAZOWIECKIE;kierujący pojazdami ogółem;2017;193;szt.; 
1400000;MAZOWIECKIE;kierujący pojazdami ogółem;2018;189;szt.; 
1400000;MAZOWIECKIE;kierujący pojazdami ogółem;2019;212;szt.; 
1400000;MAZOWIECKIE;kierujący pojazdami ogółem;2020;239;szt.; 
1400000;MAZOWIECKIE;kierujący pojazdami ogółem;2021;240;szt.; 
1400000;MAZOWIECKIE;kierujący pojazdami ogółem;2022;203;szt.; 
1400000;MAZOWIECKIE;kierujący pojazdami ogółem;2023;248;szt.; 
1400000;MAZOWIECKIE;kierujący samochodami osobowymi;2014;183;szt.; 
1400000;MAZOWIECKIE;kierujący samochodami osobowymi;2015;157;szt.; 
1400000;MAZOWIECKIE;kierujący samochodami osobowymi;2016;150;szt.; 
1400000;MAZOWIECKIE;kierujący samochodami osobowymi;2017;147;szt.; 
1400000;MAZOWIECKIE;kierujący samochodami osobowymi;2018;131;szt.; 
1400000;MAZOWIECKIE;kierujący samochodami osobowymi;2019;148;szt.; 
1400000;MAZOWIECKIE;kierujący samochodami osobowymi;2020;165;szt.; 
1400000;MAZOWIECKIE;kierujący samochodami osobowymi;2021;171;szt.; 
1400000;MAZOWIECKIE;kierujący samochodami osobowymi;2022;149;szt.; 
1400000;MAZOWIECKIE;kierujący samochodami osobowymi;2023;167;szt.; 
1400000;MAZOWIECKIE;kierujący motocyklami;2014;7;szt.; 
1400000;MAZOWIECKIE;kierujący motocyklami;2015;6;szt.; 
1400000;MAZOWIECKIE;kierujący motocyklami;2016;8;szt.; 
1400000;MAZOWIECKIE;kierujący motocyklami;2017;11;szt.; 
1400000;MAZOWIECKIE;kierujący motocyklami;2018;13;szt.; 
1400000;MAZOWIECKIE;kierujący motocyklami;2019;16;szt.; 
1400000;MAZOWIECKIE;kierujący motocyklami;2020;14;szt.; 
1400000;MAZOWIECKIE;kierujący motocyklami;2021;17;szt.; 
1400000;MAZOWIECKIE;kierujący motocyklami;2022;15;szt.; 
1400000;MAZOWIECKIE;kierujący motocyklami;2023;18;szt.; 
1400000;MAZOWIECKIE;kierujący rowerami;2014;24;szt.; 
1400000;MAZOWIECKIE;kierujący rowerami;2015;19;szt.; 
1400000;MAZOWIECKIE;kierujący rowerami;2016;19;szt.; 
1400000;MAZOWIECKIE;kierujący rowerami;2017;11;szt.; 
1400000;MAZOWIECKIE;kierujący rowerami;2018;22;szt.; 
1400000;MAZOWIECKIE;kierujący rowerami;2019;24;szt.; 
1400000;MAZOWIECKIE;kierujący rowerami;2020;27;szt.; 
1400000;MAZOWIECKIE;kierujący rowerami;2021;25;szt.; 
1400000;MAZOWIECKIE;kierujący rowerami;2022;15;szt.; 
1400000;MAZOWIECKIE;kierujący rowerami;2023;27;szt.; 
1400000;MAZOWIECKIE;kierujący motorowerami;2014;17;szt.; 
1400000;MAZOWIECKIE;kierujący motorowerami;2015;18;szt.; 
1400000;MAZOWIECKIE;kierujący motorowerami;2016;16;szt.; 
1400000;MAZOWIECKIE;kierujący motorowerami;2017;8;szt.; 
1400000;MAZOWIECKIE;kierujący motorowerami;2018;10;szt.; 
1400000;MAZOWIECKIE;kierujący motorowerami;2019;15;szt.; 
1400000;MAZOWIECKIE;kierujący motorowerami;2020;12;szt.; 
1400000;MAZOWIECKIE;kierujący motorowerami;2021;12;szt.; 
1400000;MAZOWIECKIE;kierujący motorowerami;2022;7;szt.; 
1400000;MAZOWIECKIE;kierujący motorowerami;2023;10;szt.; 
1400000;MAZOWIECKIE;kierujący samochodami ciężarowymi;2014;8;szt.; 
1400000;MAZOWIECKIE;kierujący samochodami ciężarowymi;2015;10;szt.; 
1400000;MAZOWIECKIE;kierujący samochodami ciężarowymi;2016;5;szt.; 
1400000;MAZOWIECKIE;kierujący samochodami ciężarowymi;2017;8;szt.; 
1400000;MAZOWIECKIE;kierujący samochodami ciężarowymi;2018;8;szt.; 
1400000;MAZOWIECKIE;kierujący samochodami ciężarowymi;2019;7;szt.; 
1400000;MAZOWIECKIE;kierujący samochodami ciężarowymi;2020;11;szt.; 
1400000;MAZOWIECKIE;kierujący samochodami ciężarowymi;2021;11;szt.; 
1400000;MAZOWIECKIE;kierujący samochodami ciężarowymi;2022;11;szt.; 
1400000;MAZOWIECKIE;kierujący samochodami ciężarowymi;2023;19;szt.; 
1400000;MAZOWIECKIE;kierujący innymi pojazdami;2014;5;szt.; 
1400000;MAZOWIECKIE;kierujący innymi pojazdami;2015;6;szt.; 
1400000;MAZOWIECKIE;kierujący innymi pojazdami;2016;4;szt.; 
1400000;MAZOWIECKIE;kierujący innymi pojazdami;2017;8;szt.; 
1400000;MAZOWIECKIE;kierujący innymi pojazdami;2018;5;szt.; 
1400000;MAZOWIECKIE;kierujący innymi pojazdami;2019;2;szt.; 
1400000;MAZOWIECKIE;kierujący innymi pojazdami;2020;10;szt.; 
1400000;MAZOWIECKIE;kierujący innymi pojazdami;2021;4;szt.; 
1400000;MAZOWIECKIE;kierujący innymi pojazdami;2022;6;szt.; 
1400000;MAZOWIECKIE;kierujący innymi pojazdami;2023;7;szt.; 
1400000;MAZOWIECKIE;piesi;2014;87;szt.; 
1400000;MAZOWIECKIE;piesi;2015;63;szt.; 
1400000;MAZOWIECKIE;piesi;2016;58;szt.; 
1400000;MAZOWIECKIE;piesi;2017;52;szt.; 
1400000;MAZOWIECKIE;piesi;2018;54;szt.; 
1400000;MAZOWIECKIE;piesi;2019;59;szt.; 
1400000;MAZOWIECKIE;piesi;2020;45;szt.; 
1400000;MAZOWIECKIE;piesi;2021;36;szt.; 
1400000;MAZOWIECKIE;piesi;2022;49;szt.; 
1400000;MAZOWIECKIE;piesi;2023;39;szt.; 
1600000;OPOLSKIE;ogółem;2014;49;szt.; 
1600000;OPOLSKIE;ogółem;2015;38;szt.; 
1600000;OPOLSKIE;ogółem;2016;35;szt.; 
1600000;OPOLSKIE;ogółem;2017;55;szt.; 
1600000;OPOLSKIE;ogółem;2018;58;szt.; 
1600000;OPOLSKIE;ogółem;2019;49;szt.; 
1600000;OPOLSKIE;ogółem;2020;43;szt.; 
1600000;OPOLSKIE;ogółem;2021;44;szt.; 
1600000;OPOLSKIE;ogółem;2022;39;szt.; 
1600000;OPOLSKIE;ogółem;2023;51;szt.; 
1600000;OPOLSKIE;kierujący pojazdami ogółem;2014;39;szt.; 
1600000;OPOLSKIE;kierujący pojazdami ogółem;2015;34;szt.; 
1600000;OPOLSKIE;kierujący pojazdami ogółem;2016;31;szt.; 
1600000;OPOLSKIE;kierujący pojazdami ogółem;2017;50;szt.; 
1600000;OPOLSKIE;kierujący pojazdami ogółem;2018;51;szt.; 
1600000;OPOLSKIE;kierujący pojazdami ogółem;2019;42;szt.; 
1600000;OPOLSKIE;kierujący pojazdami ogółem;2020;38;szt.; 
1600000;OPOLSKIE;kierujący pojazdami ogółem;2021;39;szt.; 
1600000;OPOLSKIE;kierujący pojazdami ogółem;2022;36;szt.; 
1600000;OPOLSKIE;kierujący pojazdami ogółem;2023;46;szt.; 
1600000;OPOLSKIE;kierujący samochodami osobowymi;2014;26;szt.; 
1600000;OPOLSKIE;kierujący samochodami osobowymi;2015;22;szt.; 
1600000;OPOLSKIE;kierujący samochodami osobowymi;2016;17;szt.; 
1600000;OPOLSKIE;kierujący samochodami osobowymi;2017;35;szt.; 
1600000;OPOLSKIE;kierujący samochodami osobowymi;2018;29;szt.; 
1600000;OPOLSKIE;kierujący samochodami osobowymi;2019;26;szt.; 
1600000;OPOLSKIE;kierujący samochodami osobowymi;2020;26;szt.; 
1600000;OPOLSKIE;kierujący samochodami osobowymi;2021;30;szt.; 
1600000;OPOLSKIE;kierujący samochodami osobowymi;2022;28;szt.; 
1600000;OPOLSKIE;kierujący samochodami osobowymi;2023;32;szt.; 
1600000;OPOLSKIE;kierujący motocyklami;2014;2;szt.; 
1600000;OPOLSKIE;kierujący motocyklami;2015;4;szt.; 
1600000;OPOLSKIE;kierujący motocyklami;2016;2;szt.; 
1600000;OPOLSKIE;kierujący motocyklami;2017;4;szt.; 
1600000;OPOLSKIE;kierujący motocyklami;2018;5;szt.; 
1600000;OPOLSKIE;kierujący motocyklami;2019;2;szt.; 
1600000;OPOLSKIE;kierujący motocyklami;2020;1;szt.; 
1600000;OPOLSKIE;kierujący motocyklami;2021;2;szt.; 
1600000;OPOLSKIE;kierujący motocyklami;2022;1;szt.; 
1600000;OPOLSKIE;kierujący motocyklami;2023;2;szt.; 
1600000;OPOLSKIE;kierujący rowerami;2014;6;szt.; 
1600000;OPOLSKIE;kierujący rowerami;2015;5;szt.; 
1600000;OPOLSKIE;kierujący rowerami;2016;5;szt.; 
1600000;OPOLSKIE;kierujący rowerami;2017;5;szt.; 
1600000;OPOLSKIE;kierujący rowerami;2018;5;szt.; 
1600000;OPOLSKIE;kierujący rowerami;2019;7;szt.; 
1600000;OPOLSKIE;kierujący rowerami;2020;8;szt.; 
1600000;OPOLSKIE;kierujący rowerami;2021;3;szt.; 
1600000;OPOLSKIE;kierujący rowerami;2022;3;szt.; 
1600000;OPOLSKIE;kierujący rowerami;2023;5;szt.; 
1600000;OPOLSKIE;kierujący motorowerami;2014;5;szt.; 
1600000;OPOLSKIE;kierujący motorowerami;2015;1;szt.; 
1600000;OPOLSKIE;kierujący motorowerami;2016;5;szt.; 
1600000;OPOLSKIE;kierujący motorowerami;2017;4;szt.; 
1600000;OPOLSKIE;kierujący motorowerami;2018;8;szt.; 
1600000;OPOLSKIE;kierujący motorowerami;2019;1;szt.; 
1600000;OPOLSKIE;kierujący motorowerami;2020;2;szt.; 
1600000;OPOLSKIE;kierujący motorowerami;2021;3;szt.; 
1600000;OPOLSKIE;kierujący motorowerami;2022;0;szt.; 
1600000;OPOLSKIE;kierujący motorowerami;2023;1;szt.; 
1600000;OPOLSKIE;kierujący samochodami ciężarowymi;2014;0;szt.; 
1600000;OPOLSKIE;kierujący samochodami ciężarowymi;2015;1;szt.; 
1600000;OPOLSKIE;kierujący samochodami ciężarowymi;2016;2;szt.; 
1600000;OPOLSKIE;kierujący samochodami ciężarowymi;2017;1;szt.; 
1600000;OPOLSKIE;kierujący samochodami ciężarowymi;2018;2;szt.; 
1600000;OPOLSKIE;kierujący samochodami ciężarowymi;2019;5;szt.; 
1600000;OPOLSKIE;kierujący samochodami ciężarowymi;2020;1;szt.; 
1600000;OPOLSKIE;kierujący samochodami ciężarowymi;2021;1;szt.; 
1600000;OPOLSKIE;kierujący samochodami ciężarowymi;2022;2;szt.; 
1600000;OPOLSKIE;kierujący samochodami ciężarowymi;2023;2;szt.; 
1600000;OPOLSKIE;kierujący innymi pojazdami;2014;0;szt.; 
1600000;OPOLSKIE;kierujący innymi pojazdami;2015;1;szt.; 
1600000;OPOLSKIE;kierujący innymi pojazdami;2016;0;szt.; 
1600000;OPOLSKIE;kierujący innymi pojazdami;2017;1;szt.; 
1600000;OPOLSKIE;kierujący innymi pojazdami;2018;2;szt.; 
1600000;OPOLSKIE;kierujący innymi pojazdami;2019;1;szt.; 
1600000;OPOLSKIE;kierujący innymi pojazdami;2020;0;szt.; 
1600000;OPOLSKIE;kierujący innymi pojazdami;2021;0;szt.; 
1600000;OPOLSKIE;kierujący innymi pojazdami;2022;2;szt.; 
1600000;OPOLSKIE;kierujący innymi pojazdami;2023;4;szt.; 
1600000;OPOLSKIE;piesi;2014;10;szt.; 
1600000;OPOLSKIE;piesi;2015;4;szt.; 
1600000;OPOLSKIE;piesi;2016;4;szt.; 
1600000;OPOLSKIE;piesi;2017;5;szt.; 
1600000;OPOLSKIE;piesi;2018;7;szt.; 
1600000;OPOLSKIE;piesi;2019;7;szt.; 
1600000;OPOLSKIE;piesi;2020;5;szt.; 
1600000;OPOLSKIE;piesi;2021;5;szt.; 
1600000;OPOLSKIE;piesi;2022;3;szt.; 
1600000;OPOLSKIE;piesi;2023;5;szt.; 
1800000;PODKARPACKIE;ogółem;2014;125;szt.; 
1800000;PODKARPACKIE;ogółem;2015;118;szt.; 
1800000;PODKARPACKIE;ogółem;2016;106;szt.; 
1800000;PODKARPACKIE;ogółem;2017;112;szt.; 
1800000;PODKARPACKIE;ogółem;2018;88;szt.; 
1800000;PODKARPACKIE;ogółem;2019;87;szt.; 
1800000;PODKARPACKIE;ogółem;2020;90;szt.; 
1800000;PODKARPACKIE;ogółem;2021;87;szt.; 
1800000;PODKARPACKIE;ogółem;2022;70;szt.; 
1800000;PODKARPACKIE;ogółem;2023;80;szt.; 
1800000;PODKARPACKIE;kierujący pojazdami ogółem;2014;91;szt.; 
1800000;PODKARPACKIE;kierujący pojazdami ogółem;2015;80;szt.; 
1800000;PODKARPACKIE;kierujący pojazdami ogółem;2016;79;szt.; 
1800000;PODKARPACKIE;kierujący pojazdami ogółem;2017;82;szt.; 
1800000;PODKARPACKIE;kierujący pojazdami ogółem;2018;66;szt.; 
1800000;PODKARPACKIE;kierujący pojazdami ogółem;2019;72;szt.; 
1800000;PODKARPACKIE;kierujący pojazdami ogółem;2020;77;szt.; 
1800000;PODKARPACKIE;kierujący pojazdami ogółem;2021;72;szt.; 
1800000;PODKARPACKIE;kierujący pojazdami ogółem;2022;57;szt.; 
1800000;PODKARPACKIE;kierujący pojazdami ogółem;2023;67;szt.; 
1800000;PODKARPACKIE;kierujący samochodami osobowymi;2014;65;szt.; 
1800000;PODKARPACKIE;kierujący samochodami osobowymi;2015;53;szt.; 
1800000;PODKARPACKIE;kierujący samochodami osobowymi;2016;47;szt.; 
1800000;PODKARPACKIE;kierujący samochodami osobowymi;2017;45;szt.; 
1800000;PODKARPACKIE;kierujący samochodami osobowymi;2018;35;szt.; 
1800000;PODKARPACKIE;kierujący samochodami osobowymi;2019;46;szt.; 
1800000;PODKARPACKIE;kierujący samochodami osobowymi;2020;39;szt.; 
1800000;PODKARPACKIE;kierujący samochodami osobowymi;2021;40;szt.; 
1800000;PODKARPACKIE;kierujący samochodami osobowymi;2022;33;szt.; 
1800000;PODKARPACKIE;kierujący samochodami osobowymi;2023;34;szt.; 
1800000;PODKARPACKIE;kierujący motocyklami;2014;5;szt.; 
1800000;PODKARPACKIE;kierujący motocyklami;2015;7;szt.; 
1800000;PODKARPACKIE;kierujący motocyklami;2016;5;szt.; 
1800000;PODKARPACKIE;kierujący motocyklami;2017;5;szt.; 
1800000;PODKARPACKIE;kierujący motocyklami;2018;4;szt.; 
1800000;PODKARPACKIE;kierujący motocyklami;2019;4;szt.; 
1800000;PODKARPACKIE;kierujący motocyklami;2020;8;szt.; 
1800000;PODKARPACKIE;kierujący motocyklami;2021;8;szt.; 
1800000;PODKARPACKIE;kierujący motocyklami;2022;5;szt.; 
1800000;PODKARPACKIE;kierujący motocyklami;2023;6;szt.; 
1800000;PODKARPACKIE;kierujący rowerami;2014;16;szt.; 
1800000;PODKARPACKIE;kierujący rowerami;2015;9;szt.; 
1800000;PODKARPACKIE;kierujący rowerami;2016;17;szt.; 
1800000;PODKARPACKIE;kierujący rowerami;2017;17;szt.; 
1800000;PODKARPACKIE;kierujący rowerami;2018;18;szt.; 
1800000;PODKARPACKIE;kierujący rowerami;2019;10;szt.; 
1800000;PODKARPACKIE;kierujący rowerami;2020;20;szt.; 
1800000;PODKARPACKIE;kierujący rowerami;2021;13;szt.; 
1800000;PODKARPACKIE;kierujący rowerami;2022;6;szt.; 
1800000;PODKARPACKIE;kierujący rowerami;2023;15;szt.; 
1800000;PODKARPACKIE;kierujący motorowerami;2014;5;szt.; 
1800000;PODKARPACKIE;kierujący motorowerami;2015;5;szt.; 
1800000;PODKARPACKIE;kierujący motorowerami;2016;6;szt.; 
1800000;PODKARPACKIE;kierujący motorowerami;2017;8;szt.; 
1800000;PODKARPACKIE;kierujący motorowerami;2018;5;szt.; 
1800000;PODKARPACKIE;kierujący motorowerami;2019;10;szt.; 
1800000;PODKARPACKIE;kierujący motorowerami;2020;7;szt.; 
1800000;PODKARPACKIE;kierujący motorowerami;2021;7;szt.; 
1800000;PODKARPACKIE;kierujący motorowerami;2022;9;szt.; 
1800000;PODKARPACKIE;kierujący motorowerami;2023;4;szt.; 
1800000;PODKARPACKIE;kierujący samochodami ciężarowymi;2014;0;szt.; 
1800000;PODKARPACKIE;kierujący samochodami ciężarowymi;2015;2;szt.; 
1800000;PODKARPACKIE;kierujący samochodami ciężarowymi;2016;1;szt.; 
1800000;PODKARPACKIE;kierujący samochodami ciężarowymi;2017;3;szt.; 
1800000;PODKARPACKIE;kierujący samochodami ciężarowymi;2018;0;szt.; 
1800000;PODKARPACKIE;kierujący samochodami ciężarowymi;2019;0;szt.; 
1800000;PODKARPACKIE;kierujący samochodami ciężarowymi;2020;0;szt.; 
1800000;PODKARPACKIE;kierujący samochodami ciężarowymi;2021;2;szt.; 
1800000;PODKARPACKIE;kierujący samochodami ciężarowymi;2022;2;szt.; 
1800000;PODKARPACKIE;kierujący samochodami ciężarowymi;2023;1;szt.; 
1800000;PODKARPACKIE;kierujący innymi pojazdami;2014;0;szt.; 
1800000;PODKARPACKIE;kierujący innymi pojazdami;2015;4;szt.; 
1800000;PODKARPACKIE;kierujący innymi pojazdami;2016;3;szt.; 
1800000;PODKARPACKIE;kierujący innymi pojazdami;2017;4;szt.; 
1800000;PODKARPACKIE;kierujący innymi pojazdami;2018;4;szt.; 
1800000;PODKARPACKIE;kierujący innymi pojazdami;2019;2;szt.; 
1800000;PODKARPACKIE;kierujący innymi pojazdami;2020;3;szt.; 
1800000;PODKARPACKIE;kierujący innymi pojazdami;2021;2;szt.; 
1800000;PODKARPACKIE;kierujący innymi pojazdami;2022;2;szt.; 
1800000;PODKARPACKIE;kierujący innymi pojazdami;2023;7;szt.; 
1800000;PODKARPACKIE;piesi;2014;34;szt.; 
1800000;PODKARPACKIE;piesi;2015;38;szt.; 
1800000;PODKARPACKIE;piesi;2016;27;szt.; 
1800000;PODKARPACKIE;piesi;2017;30;szt.; 
1800000;PODKARPACKIE;piesi;2018;22;szt.; 
1800000;PODKARPACKIE;piesi;2019;15;szt.; 
1800000;PODKARPACKIE;piesi;2020;13;szt.; 
1800000;PODKARPACKIE;piesi;2021;15;szt.; 
1800000;PODKARPACKIE;piesi;2022;13;szt.; 
1800000;PODKARPACKIE;piesi;2023;13;szt.; 
2000000;PODLASKIE;ogółem;2014;80;szt.; 
2000000;PODLASKIE;ogółem;2015;68;szt.; 
2000000;PODLASKIE;ogółem;2016;56;szt.; 
2000000;PODLASKIE;ogółem;2017;69;szt.; 
2000000;PODLASKIE;ogółem;2018;66;szt.; 
2000000;PODLASKIE;ogółem;2019;54;szt.; 
2000000;PODLASKIE;ogółem;2020;45;szt.; 
2000000;PODLASKIE;ogółem;2021;43;szt.; 
2000000;PODLASKIE;ogółem;2022;33;szt.; 
2000000;PODLASKIE;ogółem;2023;35;szt.; 
2000000;PODLASKIE;kierujący pojazdami ogółem;2014;62;szt.; 
2000000;PODLASKIE;kierujący pojazdami ogółem;2015;51;szt.; 
2000000;PODLASKIE;kierujący pojazdami ogółem;2016;45;szt.; 
2000000;PODLASKIE;kierujący pojazdami ogółem;2017;62;szt.; 
2000000;PODLASKIE;kierujący pojazdami ogółem;2018;59;szt.; 
2000000;PODLASKIE;kierujący pojazdami ogółem;2019;42;szt.; 
2000000;PODLASKIE;kierujący pojazdami ogółem;2020;41;szt.; 
2000000;PODLASKIE;kierujący pojazdami ogółem;2021;40;szt.; 
2000000;PODLASKIE;kierujący pojazdami ogółem;2022;30;szt.; 
2000000;PODLASKIE;kierujący pojazdami ogółem;2023;34;szt.; 
2000000;PODLASKIE;kierujący samochodami osobowymi;2014;49;szt.; 
2000000;PODLASKIE;kierujący samochodami osobowymi;2015;38;szt.; 
2000000;PODLASKIE;kierujący samochodami osobowymi;2016;37;szt.; 
2000000;PODLASKIE;kierujący samochodami osobowymi;2017;44;szt.; 
2000000;PODLASKIE;kierujący samochodami osobowymi;2018;44;szt.; 
2000000;PODLASKIE;kierujący samochodami osobowymi;2019;27;szt.; 
2000000;PODLASKIE;kierujący samochodami osobowymi;2020;32;szt.; 
2000000;PODLASKIE;kierujący samochodami osobowymi;2021;32;szt.; 
2000000;PODLASKIE;kierujący samochodami osobowymi;2022;17;szt.; 
2000000;PODLASKIE;kierujący samochodami osobowymi;2023;21;szt.; 
2000000;PODLASKIE;kierujący motocyklami;2014;4;szt.; 
2000000;PODLASKIE;kierujący motocyklami;2015;4;szt.; 
2000000;PODLASKIE;kierujący motocyklami;2016;0;szt.; 
2000000;PODLASKIE;kierujący motocyklami;2017;5;szt.; 
2000000;PODLASKIE;kierujący motocyklami;2018;3;szt.; 
2000000;PODLASKIE;kierujący motocyklami;2019;3;szt.; 
2000000;PODLASKIE;kierujący motocyklami;2020;2;szt.; 
2000000;PODLASKIE;kierujący motocyklami;2021;1;szt.; 
2000000;PODLASKIE;kierujący motocyklami;2022;0;szt.; 
2000000;PODLASKIE;kierujący motocyklami;2023;4;szt.; 
2000000;PODLASKIE;kierujący rowerami;2014;2;szt.; 
2000000;PODLASKIE;kierujący rowerami;2015;6;szt.; 
2000000;PODLASKIE;kierujący rowerami;2016;1;szt.; 
2000000;PODLASKIE;kierujący rowerami;2017;6;szt.; 
2000000;PODLASKIE;kierujący rowerami;2018;3;szt.; 
2000000;PODLASKIE;kierujący rowerami;2019;5;szt.; 
2000000;PODLASKIE;kierujący rowerami;2020;3;szt.; 
2000000;PODLASKIE;kierujący rowerami;2021;0;szt.; 
2000000;PODLASKIE;kierujący rowerami;2022;6;szt.; 
2000000;PODLASKIE;kierujący rowerami;2023;3;szt.; 
2000000;PODLASKIE;kierujący motorowerami;2014;2;szt.; 
2000000;PODLASKIE;kierujący motorowerami;2015;2;szt.; 
2000000;PODLASKIE;kierujący motorowerami;2016;4;szt.; 
2000000;PODLASKIE;kierujący motorowerami;2017;3;szt.; 
2000000;PODLASKIE;kierujący motorowerami;2018;1;szt.; 
2000000;PODLASKIE;kierujący motorowerami;2019;3;szt.; 
2000000;PODLASKIE;kierujący motorowerami;2020;1;szt.; 
2000000;PODLASKIE;kierujący motorowerami;2021;1;szt.; 
2000000;PODLASKIE;kierujący motorowerami;2022;2;szt.; 
2000000;PODLASKIE;kierujący motorowerami;2023;2;szt.; 
2000000;PODLASKIE;kierujący samochodami ciężarowymi;2014;2;szt.; 
2000000;PODLASKIE;kierujący samochodami ciężarowymi;2015;0;szt.; 
2000000;PODLASKIE;kierujący samochodami ciężarowymi;2016;1;szt.; 
2000000;PODLASKIE;kierujący samochodami ciężarowymi;2017;0;szt.; 
2000000;PODLASKIE;kierujący samochodami ciężarowymi;2018;3;szt.; 
2000000;PODLASKIE;kierujący samochodami ciężarowymi;2019;3;szt.; 
2000000;PODLASKIE;kierujący samochodami ciężarowymi;2020;0;szt.; 
2000000;PODLASKIE;kierujący samochodami ciężarowymi;2021;2;szt.; 
2000000;PODLASKIE;kierujący samochodami ciężarowymi;2022;1;szt.; 
2000000;PODLASKIE;kierujący samochodami ciężarowymi;2023;2;szt.; 
2000000;PODLASKIE;kierujący innymi pojazdami;2014;3;szt.; 
2000000;PODLASKIE;kierujący innymi pojazdami;2015;1;szt.; 
2000000;PODLASKIE;kierujący innymi pojazdami;2016;2;szt.; 
2000000;PODLASKIE;kierujący innymi pojazdami;2017;4;szt.; 
2000000;PODLASKIE;kierujący innymi pojazdami;2018;5;szt.; 
2000000;PODLASKIE;kierujący innymi pojazdami;2019;1;szt.; 
2000000;PODLASKIE;kierujący innymi pojazdami;2020;3;szt.; 
2000000;PODLASKIE;kierujący innymi pojazdami;2021;4;szt.; 
2000000;PODLASKIE;kierujący innymi pojazdami;2022;4;szt.; 
2000000;PODLASKIE;kierujący innymi pojazdami;2023;2;szt.; 
2000000;PODLASKIE;piesi;2014;18;szt.; 
2000000;PODLASKIE;piesi;2015;17;szt.; 
2000000;PODLASKIE;piesi;2016;11;szt.; 
2000000;PODLASKIE;piesi;2017;7;szt.; 
2000000;PODLASKIE;piesi;2018;7;szt.; 
2000000;PODLASKIE;piesi;2019;12;szt.; 
2000000;PODLASKIE;piesi;2020;4;szt.; 
2000000;PODLASKIE;piesi;2021;3;szt.; 
2000000;PODLASKIE;piesi;2022;3;szt.; 
2000000;PODLASKIE;piesi;2023;1;szt.; 
2200000;POMORSKIE;ogółem;2014;153;szt.; 
2200000;POMORSKIE;ogółem;2015;158;szt.; 
2200000;POMORSKIE;ogółem;2016;187;szt.; 
2200000;POMORSKIE;ogółem;2017;174;szt.; 
2200000;POMORSKIE;ogółem;2018;140;szt.; 
2200000;POMORSKIE;ogółem;2019;121;szt.; 
2200000;POMORSKIE;ogółem;2020;147;szt.; 
2200000;POMORSKIE;ogółem;2021;134;szt.; 
2200000;POMORSKIE;ogółem;2022;119;szt.; 
2200000;POMORSKIE;ogółem;2023;104;szt.; 
2200000;POMORSKIE;kierujący pojazdami ogółem;2014;119;szt.; 
2200000;POMORSKIE;kierujący pojazdami ogółem;2015;115;szt.; 
2200000;POMORSKIE;kierujący pojazdami ogółem;2016;142;szt.; 
2200000;POMORSKIE;kierujący pojazdami ogółem;2017;133;szt.; 
2200000;POMORSKIE;kierujący pojazdami ogółem;2018;112;szt.; 
2200000;POMORSKIE;kierujący pojazdami ogółem;2019;96;szt.; 
2200000;POMORSKIE;kierujący pojazdami ogółem;2020;123;szt.; 
2200000;POMORSKIE;kierujący pojazdami ogółem;2021;120;szt.; 
2200000;POMORSKIE;kierujący pojazdami ogółem;2022;103;szt.; 
2200000;POMORSKIE;kierujący pojazdami ogółem;2023;94;szt.; 
2200000;POMORSKIE;kierujący samochodami osobowymi;2014;91;szt.; 
2200000;POMORSKIE;kierujący samochodami osobowymi;2015;82;szt.; 
2200000;POMORSKIE;kierujący samochodami osobowymi;2016;92;szt.; 
2200000;POMORSKIE;kierujący samochodami osobowymi;2017;89;szt.; 
2200000;POMORSKIE;kierujący samochodami osobowymi;2018;75;szt.; 
2200000;POMORSKIE;kierujący samochodami osobowymi;2019;67;szt.; 
2200000;POMORSKIE;kierujący samochodami osobowymi;2020;86;szt.; 
2200000;POMORSKIE;kierujący samochodami osobowymi;2021;77;szt.; 
2200000;POMORSKIE;kierujący samochodami osobowymi;2022;65;szt.; 
2200000;POMORSKIE;kierujący samochodami osobowymi;2023;59;szt.; 
2200000;POMORSKIE;kierujący motocyklami;2014;5;szt.; 
2200000;POMORSKIE;kierujący motocyklami;2015;7;szt.; 
2200000;POMORSKIE;kierujący motocyklami;2016;9;szt.; 
2200000;POMORSKIE;kierujący motocyklami;2017;6;szt.; 
2200000;POMORSKIE;kierujący motocyklami;2018;9;szt.; 
2200000;POMORSKIE;kierujący motocyklami;2019;5;szt.; 
2200000;POMORSKIE;kierujący motocyklami;2020;7;szt.; 
2200000;POMORSKIE;kierujący motocyklami;2021;7;szt.; 
2200000;POMORSKIE;kierujący motocyklami;2022;4;szt.; 
2200000;POMORSKIE;kierujący motocyklami;2023;5;szt.; 
2200000;POMORSKIE;kierujący rowerami;2014;11;szt.; 
2200000;POMORSKIE;kierujący rowerami;2015;10;szt.; 
2200000;POMORSKIE;kierujący rowerami;2016;23;szt.; 
2200000;POMORSKIE;kierujący rowerami;2017;15;szt.; 
2200000;POMORSKIE;kierujący rowerami;2018;16;szt.; 
2200000;POMORSKIE;kierujący rowerami;2019;11;szt.; 
2200000;POMORSKIE;kierujący rowerami;2020;17;szt.; 
2200000;POMORSKIE;kierujący rowerami;2021;11;szt.; 
2200000;POMORSKIE;kierujący rowerami;2022;11;szt.; 
2200000;POMORSKIE;kierujący rowerami;2023;11;szt.; 
2200000;POMORSKIE;kierujący motorowerami;2014;7;szt.; 
2200000;POMORSKIE;kierujący motorowerami;2015;8;szt.; 
2200000;POMORSKIE;kierujący motorowerami;2016;10;szt.; 
2200000;POMORSKIE;kierujący motorowerami;2017;18;szt.; 
2200000;POMORSKIE;kierujący motorowerami;2018;9;szt.; 
2200000;POMORSKIE;kierujący motorowerami;2019;9;szt.; 
2200000;POMORSKIE;kierujący motorowerami;2020;4;szt.; 
2200000;POMORSKIE;kierujący motorowerami;2021;9;szt.; 
2200000;POMORSKIE;kierujący motorowerami;2022;10;szt.; 
2200000;POMORSKIE;kierujący motorowerami;2023;8;szt.; 
2200000;POMORSKIE;kierujący samochodami ciężarowymi;2014;3;szt.; 
2200000;POMORSKIE;kierujący samochodami ciężarowymi;2015;2;szt.; 
2200000;POMORSKIE;kierujący samochodami ciężarowymi;2016;6;szt.; 
2200000;POMORSKIE;kierujący samochodami ciężarowymi;2017;4;szt.; 
2200000;POMORSKIE;kierujący samochodami ciężarowymi;2018;1;szt.; 
2200000;POMORSKIE;kierujący samochodami ciężarowymi;2019;2;szt.; 
2200000;POMORSKIE;kierujący samochodami ciężarowymi;2020;5;szt.; 
2200000;POMORSKIE;kierujący samochodami ciężarowymi;2021;4;szt.; 
2200000;POMORSKIE;kierujący samochodami ciężarowymi;2022;1;szt.; 
2200000;POMORSKIE;kierujący samochodami ciężarowymi;2023;5;szt.; 
2200000;POMORSKIE;kierujący innymi pojazdami;2014;2;szt.; 
2200000;POMORSKIE;kierujący innymi pojazdami;2015;6;szt.; 
2200000;POMORSKIE;kierujący innymi pojazdami;2016;2;szt.; 
2200000;POMORSKIE;kierujący innymi pojazdami;2017;1;szt.; 
2200000;POMORSKIE;kierujący innymi pojazdami;2018;2;szt.; 
2200000;POMORSKIE;kierujący innymi pojazdami;2019;2;szt.; 
2200000;POMORSKIE;kierujący innymi pojazdami;2020;4;szt.; 
2200000;POMORSKIE;kierujący innymi pojazdami;2021;12;szt.; 
2200000;POMORSKIE;kierujący innymi pojazdami;2022;12;szt.; 
2200000;POMORSKIE;kierujący innymi pojazdami;2023;6;szt.; 
2200000;POMORSKIE;piesi;2014;34;szt.; 
2200000;POMORSKIE;piesi;2015;43;szt.; 
2200000;POMORSKIE;piesi;2016;45;szt.; 
2200000;POMORSKIE;piesi;2017;41;szt.; 
2200000;POMORSKIE;piesi;2018;28;szt.; 
2200000;POMORSKIE;piesi;2019;25;szt.; 
2200000;POMORSKIE;piesi;2020;24;szt.; 
2200000;POMORSKIE;piesi;2021;14;szt.; 
2200000;POMORSKIE;piesi;2022;16;szt.; 
2200000;POMORSKIE;piesi;2023;10;szt.; 
2400000;ŚLĄSKIE;ogółem;2014;311;szt.; 
2400000;ŚLĄSKIE;ogółem;2015;250;szt.; 
2400000;ŚLĄSKIE;ogółem;2016;245;szt.; 
2400000;ŚLĄSKIE;ogółem;2017;217;szt.; 
2400000;ŚLĄSKIE;ogółem;2018;219;szt.; 
2400000;ŚLĄSKIE;ogółem;2019;202;szt.; 
2400000;ŚLĄSKIE;ogółem;2020;207;szt.; 
2400000;ŚLĄSKIE;ogółem;2021;157;szt.; 
2400000;ŚLĄSKIE;ogółem;2022;130;szt.; 
2400000;ŚLĄSKIE;ogółem;2023;118;szt.; 
2400000;ŚLĄSKIE;kierujący pojazdami ogółem;2014;212;szt.; 
2400000;ŚLĄSKIE;kierujący pojazdami ogółem;2015;163;szt.; 
2400000;ŚLĄSKIE;kierujący pojazdami ogółem;2016;168;szt.; 
2400000;ŚLĄSKIE;kierujący pojazdami ogółem;2017;136;szt.; 
2400000;ŚLĄSKIE;kierujący pojazdami ogółem;2018;156;szt.; 
2400000;ŚLĄSKIE;kierujący pojazdami ogółem;2019;160;szt.; 
2400000;ŚLĄSKIE;kierujący pojazdami ogółem;2020;155;szt.; 
2400000;ŚLĄSKIE;kierujący pojazdami ogółem;2021;118;szt.; 
2400000;ŚLĄSKIE;kierujący pojazdami ogółem;2022;97;szt.; 
2400000;ŚLĄSKIE;kierujący pojazdami ogółem;2023;89;szt.; 
2400000;ŚLĄSKIE;kierujący samochodami osobowymi;2014;129;szt.; 
2400000;ŚLĄSKIE;kierujący samochodami osobowymi;2015;110;szt.; 
2400000;ŚLĄSKIE;kierujący samochodami osobowymi;2016;119;szt.; 
2400000;ŚLĄSKIE;kierujący samochodami osobowymi;2017;82;szt.; 
2400000;ŚLĄSKIE;kierujący samochodami osobowymi;2018;96;szt.; 
2400000;ŚLĄSKIE;kierujący samochodami osobowymi;2019;96;szt.; 
2400000;ŚLĄSKIE;kierujący samochodami osobowymi;2020;93;szt.; 
2400000;ŚLĄSKIE;kierujący samochodami osobowymi;2021;72;szt.; 
2400000;ŚLĄSKIE;kierujący samochodami osobowymi;2022;58;szt.; 
2400000;ŚLĄSKIE;kierujący samochodami osobowymi;2023;58;szt.; 
2400000;ŚLĄSKIE;kierujący motocyklami;2014;14;szt.; 
2400000;ŚLĄSKIE;kierujący motocyklami;2015;4;szt.; 
2400000;ŚLĄSKIE;kierujący motocyklami;2016;9;szt.; 
2400000;ŚLĄSKIE;kierujący motocyklami;2017;7;szt.; 
2400000;ŚLĄSKIE;kierujący motocyklami;2018;8;szt.; 
2400000;ŚLĄSKIE;kierujący motocyklami;2019;10;szt.; 
2400000;ŚLĄSKIE;kierujący motocyklami;2020;13;szt.; 
2400000;ŚLĄSKIE;kierujący motocyklami;2021;8;szt.; 
2400000;ŚLĄSKIE;kierujący motocyklami;2022;6;szt.; 
2400000;ŚLĄSKIE;kierujący motocyklami;2023;7;szt.; 
2400000;ŚLĄSKIE;kierujący rowerami;2014;36;szt.; 
2400000;ŚLĄSKIE;kierujący rowerami;2015;27;szt.; 
2400000;ŚLĄSKIE;kierujący rowerami;2016;18;szt.; 
2400000;ŚLĄSKIE;kierujący rowerami;2017;26;szt.; 
2400000;ŚLĄSKIE;kierujący rowerami;2018;27;szt.; 
2400000;ŚLĄSKIE;kierujący rowerami;2019;29;szt.; 
2400000;ŚLĄSKIE;kierujący rowerami;2020;29;szt.; 
2400000;ŚLĄSKIE;kierujący rowerami;2021;27;szt.; 
2400000;ŚLĄSKIE;kierujący rowerami;2022;18;szt.; 
2400000;ŚLĄSKIE;kierujący rowerami;2023;12;szt.; 
2400000;ŚLĄSKIE;kierujący motorowerami;2014;26;szt.; 
2400000;ŚLĄSKIE;kierujący motorowerami;2015;14;szt.; 
2400000;ŚLĄSKIE;kierujący motorowerami;2016;17;szt.; 
2400000;ŚLĄSKIE;kierujący motorowerami;2017;14;szt.; 
2400000;ŚLĄSKIE;kierujący motorowerami;2018;19;szt.; 
2400000;ŚLĄSKIE;kierujący motorowerami;2019;15;szt.; 
2400000;ŚLĄSKIE;kierujący motorowerami;2020;12;szt.; 
2400000;ŚLĄSKIE;kierujący motorowerami;2021;5;szt.; 
2400000;ŚLĄSKIE;kierujący motorowerami;2022;5;szt.; 
2400000;ŚLĄSKIE;kierujący motorowerami;2023;6;szt.; 
2400000;ŚLĄSKIE;kierujący samochodami ciężarowymi;2014;3;szt.; 
2400000;ŚLĄSKIE;kierujący samochodami ciężarowymi;2015;4;szt.; 
2400000;ŚLĄSKIE;kierujący samochodami ciężarowymi;2016;3;szt.; 
2400000;ŚLĄSKIE;kierujący samochodami ciężarowymi;2017;3;szt.; 
2400000;ŚLĄSKIE;kierujący samochodami ciężarowymi;2018;5;szt.; 
2400000;ŚLĄSKIE;kierujący samochodami ciężarowymi;2019;4;szt.; 
2400000;ŚLĄSKIE;kierujący samochodami ciężarowymi;2020;5;szt.; 
2400000;ŚLĄSKIE;kierujący samochodami ciężarowymi;2021;4;szt.; 
2400000;ŚLĄSKIE;kierujący samochodami ciężarowymi;2022;3;szt.; 
2400000;ŚLĄSKIE;kierujący samochodami ciężarowymi;2023;3;szt.; 
2400000;ŚLĄSKIE;kierujący innymi pojazdami;2014;4;szt.; 
2400000;ŚLĄSKIE;kierujący innymi pojazdami;2015;4;szt.; 
2400000;ŚLĄSKIE;kierujący innymi pojazdami;2016;2;szt.; 
2400000;ŚLĄSKIE;kierujący innymi pojazdami;2017;4;szt.; 
2400000;ŚLĄSKIE;kierujący innymi pojazdami;2018;1;szt.; 
2400000;ŚLĄSKIE;kierujący innymi pojazdami;2019;6;szt.; 
2400000;ŚLĄSKIE;kierujący innymi pojazdami;2020;3;szt.; 
2400000;ŚLĄSKIE;kierujący innymi pojazdami;2021;2;szt.; 
2400000;ŚLĄSKIE;kierujący innymi pojazdami;2022;7;szt.; 
2400000;ŚLĄSKIE;kierujący innymi pojazdami;2023;3;szt.; 
2400000;ŚLĄSKIE;piesi;2014;99;szt.; 
2400000;ŚLĄSKIE;piesi;2015;87;szt.; 
2400000;ŚLĄSKIE;piesi;2016;77;szt.; 
2400000;ŚLĄSKIE;piesi;2017;81;szt.; 
2400000;ŚLĄSKIE;piesi;2018;63;szt.; 
2400000;ŚLĄSKIE;piesi;2019;42;szt.; 
2400000;ŚLĄSKIE;piesi;2020;52;szt.; 
2400000;ŚLĄSKIE;piesi;2021;39;szt.; 
2400000;ŚLĄSKIE;piesi;2022;33;szt.; 
2400000;ŚLĄSKIE;piesi;2023;29;szt.; 
2600000;ŚWIĘTOKRZYSKIE;ogółem;2014;108;szt.; 
2600000;ŚWIĘTOKRZYSKIE;ogółem;2015;106;szt.; 
2600000;ŚWIĘTOKRZYSKIE;ogółem;2016;114;szt.; 
2600000;ŚWIĘTOKRZYSKIE;ogółem;2017;111;szt.; 
2600000;ŚWIĘTOKRZYSKIE;ogółem;2018;111;szt.; 
2600000;ŚWIĘTOKRZYSKIE;ogółem;2019;93;szt.; 
2600000;ŚWIĘTOKRZYSKIE;ogółem;2020;86;szt.; 
2600000;ŚWIĘTOKRZYSKIE;ogółem;2021;79;szt.; 
2600000;ŚWIĘTOKRZYSKIE;ogółem;2022;67;szt.; 
2600000;ŚWIĘTOKRZYSKIE;ogółem;2023;67;szt.; 
2600000;ŚWIĘTOKRZYSKIE;kierujący pojazdami ogółem;2014;73;szt.; 
2600000;ŚWIĘTOKRZYSKIE;kierujący pojazdami ogółem;2015;79;szt.; 
2600000;ŚWIĘTOKRZYSKIE;kierujący pojazdami ogółem;2016;82;szt.; 
2600000;ŚWIĘTOKRZYSKIE;kierujący pojazdami ogółem;2017;83;szt.; 
2600000;ŚWIĘTOKRZYSKIE;kierujący pojazdami ogółem;2018;80;szt.; 
2600000;ŚWIĘTOKRZYSKIE;kierujący pojazdami ogółem;2019;73;szt.; 
2600000;ŚWIĘTOKRZYSKIE;kierujący pojazdami ogółem;2020;67;szt.; 
2600000;ŚWIĘTOKRZYSKIE;kierujący pojazdami ogółem;2021;67;szt.; 
2600000;ŚWIĘTOKRZYSKIE;kierujący pojazdami ogółem;2022;45;szt.; 
2600000;ŚWIĘTOKRZYSKIE;kierujący pojazdami ogółem;2023;50;szt.; 
2600000;ŚWIĘTOKRZYSKIE;kierujący samochodami osobowymi;2014;49;szt.; 
2600000;ŚWIĘTOKRZYSKIE;kierujący samochodami osobowymi;2015;48;szt.; 
2600000;ŚWIĘTOKRZYSKIE;kierujący samochodami osobowymi;2016;52;szt.; 
2600000;ŚWIĘTOKRZYSKIE;kierujący samochodami osobowymi;2017;60;szt.; 
2600000;ŚWIĘTOKRZYSKIE;kierujący samochodami osobowymi;2018;49;szt.; 
2600000;ŚWIĘTOKRZYSKIE;kierujący samochodami osobowymi;2019;40;szt.; 
2600000;ŚWIĘTOKRZYSKIE;kierujący samochodami osobowymi;2020;41;szt.; 
2600000;ŚWIĘTOKRZYSKIE;kierujący samochodami osobowymi;2021;43;szt.; 
2600000;ŚWIĘTOKRZYSKIE;kierujący samochodami osobowymi;2022;28;szt.; 
2600000;ŚWIĘTOKRZYSKIE;kierujący samochodami osobowymi;2023;34;szt.; 
2600000;ŚWIĘTOKRZYSKIE;kierujący motocyklami;2014;1;szt.; 
2600000;ŚWIĘTOKRZYSKIE;kierujący motocyklami;2015;5;szt.; 
2600000;ŚWIĘTOKRZYSKIE;kierujący motocyklami;2016;5;szt.; 
2600000;ŚWIĘTOKRZYSKIE;kierujący motocyklami;2017;2;szt.; 
2600000;ŚWIĘTOKRZYSKIE;kierujący motocyklami;2018;3;szt.; 
2600000;ŚWIĘTOKRZYSKIE;kierujący motocyklami;2019;5;szt.; 
2600000;ŚWIĘTOKRZYSKIE;kierujący motocyklami;2020;7;szt.; 
2600000;ŚWIĘTOKRZYSKIE;kierujący motocyklami;2021;3;szt.; 
2600000;ŚWIĘTOKRZYSKIE;kierujący motocyklami;2022;2;szt.; 
2600000;ŚWIĘTOKRZYSKIE;kierujący motocyklami;2023;3;szt.; 
2600000;ŚWIĘTOKRZYSKIE;kierujący rowerami;2014;12;szt.; 
2600000;ŚWIĘTOKRZYSKIE;kierujący rowerami;2015;15;szt.; 
2600000;ŚWIĘTOKRZYSKIE;kierujący rowerami;2016;15;szt.; 
2600000;ŚWIĘTOKRZYSKIE;kierujący rowerami;2017;11;szt.; 
2600000;ŚWIĘTOKRZYSKIE;kierujący rowerami;2018;13;szt.; 
2600000;ŚWIĘTOKRZYSKIE;kierujący rowerami;2019;14;szt.; 
2600000;ŚWIĘTOKRZYSKIE;kierujący rowerami;2020;10;szt.; 
2600000;ŚWIĘTOKRZYSKIE;kierujący rowerami;2021;10;szt.; 
2600000;ŚWIĘTOKRZYSKIE;kierujący rowerami;2022;5;szt.; 
2600000;ŚWIĘTOKRZYSKIE;kierujący rowerami;2023;4;szt.; 
2600000;ŚWIĘTOKRZYSKIE;kierujący motorowerami;2014;11;szt.; 
2600000;ŚWIĘTOKRZYSKIE;kierujący motorowerami;2015;7;szt.; 
2600000;ŚWIĘTOKRZYSKIE;kierujący motorowerami;2016;5;szt.; 
2600000;ŚWIĘTOKRZYSKIE;kierujący motorowerami;2017;5;szt.; 
2600000;ŚWIĘTOKRZYSKIE;kierujący motorowerami;2018;7;szt.; 
2600000;ŚWIĘTOKRZYSKIE;kierujący motorowerami;2019;11;szt.; 
2600000;ŚWIĘTOKRZYSKIE;kierujący motorowerami;2020;4;szt.; 
2600000;ŚWIĘTOKRZYSKIE;kierujący motorowerami;2021;5;szt.; 
2600000;ŚWIĘTOKRZYSKIE;kierujący motorowerami;2022;4;szt.; 
2600000;ŚWIĘTOKRZYSKIE;kierujący motorowerami;2023;3;szt.; 
2600000;ŚWIĘTOKRZYSKIE;kierujący samochodami ciężarowymi;2014;0;szt.; 
2600000;ŚWIĘTOKRZYSKIE;kierujący samochodami ciężarowymi;2015;0;szt.; 
2600000;ŚWIĘTOKRZYSKIE;kierujący samochodami ciężarowymi;2016;0;szt.; 
2600000;ŚWIĘTOKRZYSKIE;kierujący samochodami ciężarowymi;2017;1;szt.; 
2600000;ŚWIĘTOKRZYSKIE;kierujący samochodami ciężarowymi;2018;2;szt.; 
2600000;ŚWIĘTOKRZYSKIE;kierujący samochodami ciężarowymi;2019;0;szt.; 
2600000;ŚWIĘTOKRZYSKIE;kierujący samochodami ciężarowymi;2020;1;szt.; 
2600000;ŚWIĘTOKRZYSKIE;kierujący samochodami ciężarowymi;2021;4;szt.; 
2600000;ŚWIĘTOKRZYSKIE;kierujący samochodami ciężarowymi;2022;2;szt.; 
2600000;ŚWIĘTOKRZYSKIE;kierujący samochodami ciężarowymi;2023;0;szt.; 
2600000;ŚWIĘTOKRZYSKIE;kierujący innymi pojazdami;2014;0;szt.; 
2600000;ŚWIĘTOKRZYSKIE;kierujący innymi pojazdami;2015;4;szt.; 
2600000;ŚWIĘTOKRZYSKIE;kierujący innymi pojazdami;2016;5;szt.; 
2600000;ŚWIĘTOKRZYSKIE;kierujący innymi pojazdami;2017;4;szt.; 
2600000;ŚWIĘTOKRZYSKIE;kierujący innymi pojazdami;2018;6;szt.; 
2600000;ŚWIĘTOKRZYSKIE;kierujący innymi pojazdami;2019;3;szt.; 
2600000;ŚWIĘTOKRZYSKIE;kierujący innymi pojazdami;2020;4;szt.; 
2600000;ŚWIĘTOKRZYSKIE;kierujący innymi pojazdami;2021;2;szt.; 
2600000;ŚWIĘTOKRZYSKIE;kierujący innymi pojazdami;2022;4;szt.; 
2600000;ŚWIĘTOKRZYSKIE;kierujący innymi pojazdami;2023;6;szt.; 
2600000;ŚWIĘTOKRZYSKIE;piesi;2014;35;szt.; 
2600000;ŚWIĘTOKRZYSKIE;piesi;2015;27;szt.; 
2600000;ŚWIĘTOKRZYSKIE;piesi;2016;32;szt.; 
2600000;ŚWIĘTOKRZYSKIE;piesi;2017;28;szt.; 
2600000;ŚWIĘTOKRZYSKIE;piesi;2018;31;szt.; 
2600000;ŚWIĘTOKRZYSKIE;piesi;2019;20;szt.; 
2600000;ŚWIĘTOKRZYSKIE;piesi;2020;19;szt.; 
2600000;ŚWIĘTOKRZYSKIE;piesi;2021;12;szt.; 
2600000;ŚWIĘTOKRZYSKIE;piesi;2022;22;szt.; 
2600000;ŚWIĘTOKRZYSKIE;piesi;2023;17;szt.; 
2800000;WARMIŃSKO-MAZURSKIE;ogółem;2014;155;szt.; 
2800000;WARMIŃSKO-MAZURSKIE;ogółem;2015;139;szt.; 
2800000;WARMIŃSKO-MAZURSKIE;ogółem;2016;171;szt.; 
2800000;WARMIŃSKO-MAZURSKIE;ogółem;2017;134;szt.; 
2800000;WARMIŃSKO-MAZURSKIE;ogółem;2018;120;szt.; 
2800000;WARMIŃSKO-MAZURSKIE;ogółem;2019;113;szt.; 
2800000;WARMIŃSKO-MAZURSKIE;ogółem;2020;120;szt.; 
2800000;WARMIŃSKO-MAZURSKIE;ogółem;2021;113;szt.; 
2800000;WARMIŃSKO-MAZURSKIE;ogółem;2022;99;szt.; 
2800000;WARMIŃSKO-MAZURSKIE;ogółem;2023;68;szt.; 
2800000;WARMIŃSKO-MAZURSKIE;kierujący pojazdami ogółem;2014;119;szt.; 
2800000;WARMIŃSKO-MAZURSKIE;kierujący pojazdami ogółem;2015;118;szt.; 
2800000;WARMIŃSKO-MAZURSKIE;kierujący pojazdami ogółem;2016;145;szt.; 
2800000;WARMIŃSKO-MAZURSKIE;kierujący pojazdami ogółem;2017;112;szt.; 
2800000;WARMIŃSKO-MAZURSKIE;kierujący pojazdami ogółem;2018;104;szt.; 
2800000;WARMIŃSKO-MAZURSKIE;kierujący pojazdami ogółem;2019;96;szt.; 
2800000;WARMIŃSKO-MAZURSKIE;kierujący pojazdami ogółem;2020;108;szt.; 
2800000;WARMIŃSKO-MAZURSKIE;kierujący pojazdami ogółem;2021;100;szt.; 
2800000;WARMIŃSKO-MAZURSKIE;kierujący pojazdami ogółem;2022;88;szt.; 
2800000;WARMIŃSKO-MAZURSKIE;kierujący pojazdami ogółem;2023;63;szt.; 
2800000;WARMIŃSKO-MAZURSKIE;kierujący samochodami osobowymi;2014;88;szt.; 
2800000;WARMIŃSKO-MAZURSKIE;kierujący samochodami osobowymi;2015;92;szt.; 
2800000;WARMIŃSKO-MAZURSKIE;kierujący samochodami osobowymi;2016;100;szt.; 
2800000;WARMIŃSKO-MAZURSKIE;kierujący samochodami osobowymi;2017;77;szt.; 
2800000;WARMIŃSKO-MAZURSKIE;kierujący samochodami osobowymi;2018;76;szt.; 
2800000;WARMIŃSKO-MAZURSKIE;kierujący samochodami osobowymi;2019;70;szt.; 
2800000;WARMIŃSKO-MAZURSKIE;kierujący samochodami osobowymi;2020;76;szt.; 
2800000;WARMIŃSKO-MAZURSKIE;kierujący samochodami osobowymi;2021;70;szt.; 
2800000;WARMIŃSKO-MAZURSKIE;kierujący samochodami osobowymi;2022;54;szt.; 
2800000;WARMIŃSKO-MAZURSKIE;kierujący samochodami osobowymi;2023;33;szt.; 
2800000;WARMIŃSKO-MAZURSKIE;kierujący motocyklami;2014;7;szt.; 
2800000;WARMIŃSKO-MAZURSKIE;kierujący motocyklami;2015;4;szt.; 
2800000;WARMIŃSKO-MAZURSKIE;kierujący motocyklami;2016;4;szt.; 
2800000;WARMIŃSKO-MAZURSKIE;kierujący motocyklami;2017;7;szt.; 
2800000;WARMIŃSKO-MAZURSKIE;kierujący motocyklami;2018;6;szt.; 
2800000;WARMIŃSKO-MAZURSKIE;kierujący motocyklami;2019;5;szt.; 
2800000;WARMIŃSKO-MAZURSKIE;kierujący motocyklami;2020;5;szt.; 
2800000;WARMIŃSKO-MAZURSKIE;kierujący motocyklami;2021;6;szt.; 
2800000;WARMIŃSKO-MAZURSKIE;kierujący motocyklami;2022;4;szt.; 
2800000;WARMIŃSKO-MAZURSKIE;kierujący motocyklami;2023;2;szt.; 
2800000;WARMIŃSKO-MAZURSKIE;kierujący rowerami;2014;13;szt.; 
2800000;WARMIŃSKO-MAZURSKIE;kierujący rowerami;2015;12;szt.; 
2800000;WARMIŃSKO-MAZURSKIE;kierujący rowerami;2016;14;szt.; 
2800000;WARMIŃSKO-MAZURSKIE;kierujący rowerami;2017;8;szt.; 
2800000;WARMIŃSKO-MAZURSKIE;kierujący rowerami;2018;9;szt.; 
2800000;WARMIŃSKO-MAZURSKIE;kierujący rowerami;2019;13;szt.; 
2800000;WARMIŃSKO-MAZURSKIE;kierujący rowerami;2020;9;szt.; 
2800000;WARMIŃSKO-MAZURSKIE;kierujący rowerami;2021;8;szt.; 
2800000;WARMIŃSKO-MAZURSKIE;kierujący rowerami;2022;14;szt.; 
2800000;WARMIŃSKO-MAZURSKIE;kierujący rowerami;2023;10;szt.; 
2800000;WARMIŃSKO-MAZURSKIE;kierujący motorowerami;2014;9;szt.; 
2800000;WARMIŃSKO-MAZURSKIE;kierujący motorowerami;2015;9;szt.; 
2800000;WARMIŃSKO-MAZURSKIE;kierujący motorowerami;2016;19;szt.; 
2800000;WARMIŃSKO-MAZURSKIE;kierujący motorowerami;2017;14;szt.; 
2800000;WARMIŃSKO-MAZURSKIE;kierujący motorowerami;2018;9;szt.; 
2800000;WARMIŃSKO-MAZURSKIE;kierujący motorowerami;2019;8;szt.; 
2800000;WARMIŃSKO-MAZURSKIE;kierujący motorowerami;2020;7;szt.; 
2800000;WARMIŃSKO-MAZURSKIE;kierujący motorowerami;2021;8;szt.; 
2800000;WARMIŃSKO-MAZURSKIE;kierujący motorowerami;2022;7;szt.; 
2800000;WARMIŃSKO-MAZURSKIE;kierujący motorowerami;2023;9;szt.; 
2800000;WARMIŃSKO-MAZURSKIE;kierujący samochodami ciężarowymi;2014;2;szt.; 
2800000;WARMIŃSKO-MAZURSKIE;kierujący samochodami ciężarowymi;2015;0;szt.; 
2800000;WARMIŃSKO-MAZURSKIE;kierujący samochodami ciężarowymi;2016;7;szt.; 
2800000;WARMIŃSKO-MAZURSKIE;kierujący samochodami ciężarowymi;2017;3;szt.; 
2800000;WARMIŃSKO-MAZURSKIE;kierujący samochodami ciężarowymi;2018;2;szt.; 
2800000;WARMIŃSKO-MAZURSKIE;kierujący samochodami ciężarowymi;2019;0;szt.; 
2800000;WARMIŃSKO-MAZURSKIE;kierujący samochodami ciężarowymi;2020;7;szt.; 
2800000;WARMIŃSKO-MAZURSKIE;kierujący samochodami ciężarowymi;2021;1;szt.; 
2800000;WARMIŃSKO-MAZURSKIE;kierujący samochodami ciężarowymi;2022;4;szt.; 
2800000;WARMIŃSKO-MAZURSKIE;kierujący samochodami ciężarowymi;2023;0;szt.; 
2800000;WARMIŃSKO-MAZURSKIE;kierujący innymi pojazdami;2014;0;szt.; 
2800000;WARMIŃSKO-MAZURSKIE;kierujący innymi pojazdami;2015;1;szt.; 
2800000;WARMIŃSKO-MAZURSKIE;kierujący innymi pojazdami;2016;1;szt.; 
2800000;WARMIŃSKO-MAZURSKIE;kierujący innymi pojazdami;2017;3;szt.; 
2800000;WARMIŃSKO-MAZURSKIE;kierujący innymi pojazdami;2018;2;szt.; 
2800000;WARMIŃSKO-MAZURSKIE;kierujący innymi pojazdami;2019;0;szt.; 
2800000;WARMIŃSKO-MAZURSKIE;kierujący innymi pojazdami;2020;4;szt.; 
2800000;WARMIŃSKO-MAZURSKIE;kierujący innymi pojazdami;2021;7;szt.; 
2800000;WARMIŃSKO-MAZURSKIE;kierujący innymi pojazdami;2022;5;szt.; 
2800000;WARMIŃSKO-MAZURSKIE;kierujący innymi pojazdami;2023;9;szt.; 
2800000;WARMIŃSKO-MAZURSKIE;piesi;2014;36;szt.; 
2800000;WARMIŃSKO-MAZURSKIE;piesi;2015;21;szt.; 
2800000;WARMIŃSKO-MAZURSKIE;piesi;2016;26;szt.; 
2800000;WARMIŃSKO-MAZURSKIE;piesi;2017;22;szt.; 
2800000;WARMIŃSKO-MAZURSKIE;piesi;2018;16;szt.; 
2800000;WARMIŃSKO-MAZURSKIE;piesi;2019;17;szt.; 
2800000;WARMIŃSKO-MAZURSKIE;piesi;2020;12;szt.; 
2800000;WARMIŃSKO-MAZURSKIE;piesi;2021;13;szt.; 
2800000;WARMIŃSKO-MAZURSKIE;piesi;2022;11;szt.; 
2800000;WARMIŃSKO-MAZURSKIE;piesi;2023;5;szt.; 
3000000;WIELKOPOLSKIE;ogółem;2014;129;szt.; 
3000000;WIELKOPOLSKIE;ogółem;2015;105;szt.; 
3000000;WIELKOPOLSKIE;ogółem;2016;113;szt.; 
3000000;WIELKOPOLSKIE;ogółem;2017;100;szt.; 
3000000;WIELKOPOLSKIE;ogółem;2018;121;szt.; 
3000000;WIELKOPOLSKIE;ogółem;2019;171;szt.; 
3000000;WIELKOPOLSKIE;ogółem;2020;180;szt.; 
3000000;WIELKOPOLSKIE;ogółem;2021;160;szt.; 
3000000;WIELKOPOLSKIE;ogółem;2022;133;szt.; 
3000000;WIELKOPOLSKIE;ogółem;2023;131;szt.; 
3000000;WIELKOPOLSKIE;kierujący pojazdami ogółem;2014;97;szt.; 
3000000;WIELKOPOLSKIE;kierujący pojazdami ogółem;2015;75;szt.; 
3000000;WIELKOPOLSKIE;kierujący pojazdami ogółem;2016;91;szt.; 
3000000;WIELKOPOLSKIE;kierujący pojazdami ogółem;2017;73;szt.; 
3000000;WIELKOPOLSKIE;kierujący pojazdami ogółem;2018;93;szt.; 
3000000;WIELKOPOLSKIE;kierujący pojazdami ogółem;2019;147;szt.; 
3000000;WIELKOPOLSKIE;kierujący pojazdami ogółem;2020;153;szt.; 
3000000;WIELKOPOLSKIE;kierujący pojazdami ogółem;2021;131;szt.; 
3000000;WIELKOPOLSKIE;kierujący pojazdami ogółem;2022;111;szt.; 
3000000;WIELKOPOLSKIE;kierujący pojazdami ogółem;2023;106;szt.; 
3000000;WIELKOPOLSKIE;kierujący samochodami osobowymi;2014;68;szt.; 
3000000;WIELKOPOLSKIE;kierujący samochodami osobowymi;2015;57;szt.; 
3000000;WIELKOPOLSKIE;kierujący samochodami osobowymi;2016;60;szt.; 
3000000;WIELKOPOLSKIE;kierujący samochodami osobowymi;2017;52;szt.; 
3000000;WIELKOPOLSKIE;kierujący samochodami osobowymi;2018;56;szt.; 
3000000;WIELKOPOLSKIE;kierujący samochodami osobowymi;2019;101;szt.; 
3000000;WIELKOPOLSKIE;kierujący samochodami osobowymi;2020;99;szt.; 
3000000;WIELKOPOLSKIE;kierujący samochodami osobowymi;2021;94;szt.; 
3000000;WIELKOPOLSKIE;kierujący samochodami osobowymi;2022;71;szt.; 
3000000;WIELKOPOLSKIE;kierujący samochodami osobowymi;2023;67;szt.; 
3000000;WIELKOPOLSKIE;kierujący motocyklami;2014;4;szt.; 
3000000;WIELKOPOLSKIE;kierujący motocyklami;2015;3;szt.; 
3000000;WIELKOPOLSKIE;kierujący motocyklami;2016;7;szt.; 
3000000;WIELKOPOLSKIE;kierujący motocyklami;2017;3;szt.; 
3000000;WIELKOPOLSKIE;kierujący motocyklami;2018;8;szt.; 
3000000;WIELKOPOLSKIE;kierujący motocyklami;2019;8;szt.; 
3000000;WIELKOPOLSKIE;kierujący motocyklami;2020;8;szt.; 
3000000;WIELKOPOLSKIE;kierujący motocyklami;2021;8;szt.; 
3000000;WIELKOPOLSKIE;kierujący motocyklami;2022;13;szt.; 
3000000;WIELKOPOLSKIE;kierujący motocyklami;2023;8;szt.; 
3000000;WIELKOPOLSKIE;kierujący rowerami;2014;15;szt.; 
3000000;WIELKOPOLSKIE;kierujący rowerami;2015;8;szt.; 
3000000;WIELKOPOLSKIE;kierujący rowerami;2016;12;szt.; 
3000000;WIELKOPOLSKIE;kierujący rowerami;2017;8;szt.; 
3000000;WIELKOPOLSKIE;kierujący rowerami;2018;16;szt.; 
3000000;WIELKOPOLSKIE;kierujący rowerami;2019;23;szt.; 
3000000;WIELKOPOLSKIE;kierujący rowerami;2020;25;szt.; 
3000000;WIELKOPOLSKIE;kierujący rowerami;2021;12;szt.; 
3000000;WIELKOPOLSKIE;kierujący rowerami;2022;13;szt.; 
3000000;WIELKOPOLSKIE;kierujący rowerami;2023;10;szt.; 
3000000;WIELKOPOLSKIE;kierujący motorowerami;2014;8;szt.; 
3000000;WIELKOPOLSKIE;kierujący motorowerami;2015;6;szt.; 
3000000;WIELKOPOLSKIE;kierujący motorowerami;2016;8;szt.; 
3000000;WIELKOPOLSKIE;kierujący motorowerami;2017;7;szt.; 
3000000;WIELKOPOLSKIE;kierujący motorowerami;2018;7;szt.; 
3000000;WIELKOPOLSKIE;kierujący motorowerami;2019;10;szt.; 
3000000;WIELKOPOLSKIE;kierujący motorowerami;2020;10;szt.; 
3000000;WIELKOPOLSKIE;kierujący motorowerami;2021;4;szt.; 
3000000;WIELKOPOLSKIE;kierujący motorowerami;2022;6;szt.; 
3000000;WIELKOPOLSKIE;kierujący motorowerami;2023;9;szt.; 
3000000;WIELKOPOLSKIE;kierujący samochodami ciężarowymi;2014;0;szt.; 
3000000;WIELKOPOLSKIE;kierujący samochodami ciężarowymi;2015;0;szt.; 
3000000;WIELKOPOLSKIE;kierujący samochodami ciężarowymi;2016;4;szt.; 
3000000;WIELKOPOLSKIE;kierujący samochodami ciężarowymi;2017;2;szt.; 
3000000;WIELKOPOLSKIE;kierujący samochodami ciężarowymi;2018;5;szt.; 
3000000;WIELKOPOLSKIE;kierujący samochodami ciężarowymi;2019;5;szt.; 
3000000;WIELKOPOLSKIE;kierujący samochodami ciężarowymi;2020;6;szt.; 
3000000;WIELKOPOLSKIE;kierujący samochodami ciężarowymi;2021;9;szt.; 
3000000;WIELKOPOLSKIE;kierujący samochodami ciężarowymi;2022;5;szt.; 
3000000;WIELKOPOLSKIE;kierujący samochodami ciężarowymi;2023;7;szt.; 
3000000;WIELKOPOLSKIE;kierujący innymi pojazdami;2014;2;szt.; 
3000000;WIELKOPOLSKIE;kierujący innymi pojazdami;2015;1;szt.; 
3000000;WIELKOPOLSKIE;kierujący innymi pojazdami;2016;0;szt.; 
3000000;WIELKOPOLSKIE;kierujący innymi pojazdami;2017;1;szt.; 
3000000;WIELKOPOLSKIE;kierujący innymi pojazdami;2018;1;szt.; 
3000000;WIELKOPOLSKIE;kierujący innymi pojazdami;2019;0;szt.; 
3000000;WIELKOPOLSKIE;kierujący innymi pojazdami;2020;5;szt.; 
3000000;WIELKOPOLSKIE;kierujący innymi pojazdami;2021;4;szt.; 
3000000;WIELKOPOLSKIE;kierujący innymi pojazdami;2022;3;szt.; 
3000000;WIELKOPOLSKIE;kierujący innymi pojazdami;2023;5;szt.; 
3000000;WIELKOPOLSKIE;piesi;2014;32;szt.; 
3000000;WIELKOPOLSKIE;piesi;2015;30;szt.; 
3000000;WIELKOPOLSKIE;piesi;2016;22;szt.; 
3000000;WIELKOPOLSKIE;piesi;2017;27;szt.; 
3000000;WIELKOPOLSKIE;piesi;2018;28;szt.; 
3000000;WIELKOPOLSKIE;piesi;2019;24;szt.; 
3000000;WIELKOPOLSKIE;piesi;2020;27;szt.; 
3000000;WIELKOPOLSKIE;piesi;2021;29;szt.; 
3000000;WIELKOPOLSKIE;piesi;2022;22;szt.; 
3000000;WIELKOPOLSKIE;piesi;2023;25;szt.; 
3200000;ZACHODNIOPOMORSKIE;ogółem;2014;99;szt.; 
3200000;ZACHODNIOPOMORSKIE;ogółem;2015;65;szt.; 
3200000;ZACHODNIOPOMORSKIE;ogółem;2016;77;szt.; 
3200000;ZACHODNIOPOMORSKIE;ogółem;2017;81;szt.; 
3200000;ZACHODNIOPOMORSKIE;ogółem;2018;60;szt.; 
3200000;ZACHODNIOPOMORSKIE;ogółem;2019;97;szt.; 
3200000;ZACHODNIOPOMORSKIE;ogółem;2020;71;szt.; 
3200000;ZACHODNIOPOMORSKIE;ogółem;2021;71;szt.; 
3200000;ZACHODNIOPOMORSKIE;ogółem;2022;62;szt.; 
3200000;ZACHODNIOPOMORSKIE;ogółem;2023;49;szt.; 
3200000;ZACHODNIOPOMORSKIE;kierujący pojazdami ogółem;2014;74;szt.; 
3200000;ZACHODNIOPOMORSKIE;kierujący pojazdami ogółem;2015;44;szt.; 
3200000;ZACHODNIOPOMORSKIE;kierujący pojazdami ogółem;2016;56;szt.; 
3200000;ZACHODNIOPOMORSKIE;kierujący pojazdami ogółem;2017;58;szt.; 
3200000;ZACHODNIOPOMORSKIE;kierujący pojazdami ogółem;2018;44;szt.; 
3200000;ZACHODNIOPOMORSKIE;kierujący pojazdami ogółem;2019;69;szt.; 
3200000;ZACHODNIOPOMORSKIE;kierujący pojazdami ogółem;2020;55;szt.; 
3200000;ZACHODNIOPOMORSKIE;kierujący pojazdami ogółem;2021;63;szt.; 
3200000;ZACHODNIOPOMORSKIE;kierujący pojazdami ogółem;2022;53;szt.; 
3200000;ZACHODNIOPOMORSKIE;kierujący pojazdami ogółem;2023;41;szt.; 
3200000;ZACHODNIOPOMORSKIE;kierujący samochodami osobowymi;2014;58;szt.; 
3200000;ZACHODNIOPOMORSKIE;kierujący samochodami osobowymi;2015;38;szt.; 
3200000;ZACHODNIOPOMORSKIE;kierujący samochodami osobowymi;2016;38;szt.; 
3200000;ZACHODNIOPOMORSKIE;kierujący samochodami osobowymi;2017;45;szt.; 
3200000;ZACHODNIOPOMORSKIE;kierujący samochodami osobowymi;2018;30;szt.; 
3200000;ZACHODNIOPOMORSKIE;kierujący samochodami osobowymi;2019;46;szt.; 
3200000;ZACHODNIOPOMORSKIE;kierujący samochodami osobowymi;2020;40;szt.; 
3200000;ZACHODNIOPOMORSKIE;kierujący samochodami osobowymi;2021;46;szt.; 
3200000;ZACHODNIOPOMORSKIE;kierujący samochodami osobowymi;2022;39;szt.; 
3200000;ZACHODNIOPOMORSKIE;kierujący samochodami osobowymi;2023;23;szt.; 
3200000;ZACHODNIOPOMORSKIE;kierujący motocyklami;2014;3;szt.; 
3200000;ZACHODNIOPOMORSKIE;kierujący motocyklami;2015;2;szt.; 
3200000;ZACHODNIOPOMORSKIE;kierujący motocyklami;2016;4;szt.; 
3200000;ZACHODNIOPOMORSKIE;kierujący motocyklami;2017;4;szt.; 
3200000;ZACHODNIOPOMORSKIE;kierujący motocyklami;2018;3;szt.; 
3200000;ZACHODNIOPOMORSKIE;kierujący motocyklami;2019;5;szt.; 
3200000;ZACHODNIOPOMORSKIE;kierujący motocyklami;2020;5;szt.; 
3200000;ZACHODNIOPOMORSKIE;kierujący motocyklami;2021;2;szt.; 
3200000;ZACHODNIOPOMORSKIE;kierujący motocyklami;2022;2;szt.; 
3200000;ZACHODNIOPOMORSKIE;kierujący motocyklami;2023;6;szt.; 
3200000;ZACHODNIOPOMORSKIE;kierujący rowerami;2014;2;szt.; 
3200000;ZACHODNIOPOMORSKIE;kierujący rowerami;2015;1;szt.; 
3200000;ZACHODNIOPOMORSKIE;kierujący rowerami;2016;6;szt.; 
3200000;ZACHODNIOPOMORSKIE;kierujący rowerami;2017;1;szt.; 
3200000;ZACHODNIOPOMORSKIE;kierujący rowerami;2018;4;szt.; 
3200000;ZACHODNIOPOMORSKIE;kierujący rowerami;2019;10;szt.; 
3200000;ZACHODNIOPOMORSKIE;kierujący rowerami;2020;4;szt.; 
3200000;ZACHODNIOPOMORSKIE;kierujący rowerami;2021;3;szt.; 
3200000;ZACHODNIOPOMORSKIE;kierujący rowerami;2022;3;szt.; 
3200000;ZACHODNIOPOMORSKIE;kierujący rowerami;2023;3;szt.; 
3200000;ZACHODNIOPOMORSKIE;kierujący motorowerami;2014;7;szt.; 
3200000;ZACHODNIOPOMORSKIE;kierujący motorowerami;2015;2;szt.; 
3200000;ZACHODNIOPOMORSKIE;kierujący motorowerami;2016;3;szt.; 
3200000;ZACHODNIOPOMORSKIE;kierujący motorowerami;2017;6;szt.; 
3200000;ZACHODNIOPOMORSKIE;kierujący motorowerami;2018;6;szt.; 
3200000;ZACHODNIOPOMORSKIE;kierujący motorowerami;2019;3;szt.; 
3200000;ZACHODNIOPOMORSKIE;kierujący motorowerami;2020;3;szt.; 
3200000;ZACHODNIOPOMORSKIE;kierujący motorowerami;2021;5;szt.; 
3200000;ZACHODNIOPOMORSKIE;kierujący motorowerami;2022;3;szt.; 
3200000;ZACHODNIOPOMORSKIE;kierujący motorowerami;2023;5;szt.; 
3200000;ZACHODNIOPOMORSKIE;kierujący samochodami ciężarowymi;2014;2;szt.; 
3200000;ZACHODNIOPOMORSKIE;kierujący samochodami ciężarowymi;2015;0;szt.; 
3200000;ZACHODNIOPOMORSKIE;kierujący samochodami ciężarowymi;2016;4;szt.; 
3200000;ZACHODNIOPOMORSKIE;kierujący samochodami ciężarowymi;2017;1;szt.; 
3200000;ZACHODNIOPOMORSKIE;kierujący samochodami ciężarowymi;2018;0;szt.; 
3200000;ZACHODNIOPOMORSKIE;kierujący samochodami ciężarowymi;2019;3;szt.; 
3200000;ZACHODNIOPOMORSKIE;kierujący samochodami ciężarowymi;2020;2;szt.; 
3200000;ZACHODNIOPOMORSKIE;kierujący samochodami ciężarowymi;2021;3;szt.; 
3200000;ZACHODNIOPOMORSKIE;kierujący samochodami ciężarowymi;2022;3;szt.; 
3200000;ZACHODNIOPOMORSKIE;kierujący samochodami ciężarowymi;2023;1;szt.; 
3200000;ZACHODNIOPOMORSKIE;kierujący innymi pojazdami;2014;2;szt.; 
3200000;ZACHODNIOPOMORSKIE;kierujący innymi pojazdami;2015;1;szt.; 
3200000;ZACHODNIOPOMORSKIE;kierujący innymi pojazdami;2016;1;szt.; 
3200000;ZACHODNIOPOMORSKIE;kierujący innymi pojazdami;2017;1;szt.; 
3200000;ZACHODNIOPOMORSKIE;kierujący innymi pojazdami;2018;1;szt.; 
3200000;ZACHODNIOPOMORSKIE;kierujący innymi pojazdami;2019;2;szt.; 
3200000;ZACHODNIOPOMORSKIE;kierujący innymi pojazdami;2020;1;szt.; 
3200000;ZACHODNIOPOMORSKIE;kierujący innymi pojazdami;2021;4;szt.; 
3200000;ZACHODNIOPOMORSKIE;kierujący innymi pojazdami;2022;3;szt.; 
3200000;ZACHODNIOPOMORSKIE;kierujący innymi pojazdami;2023;3;szt.; 
3200000;ZACHODNIOPOMORSKIE;piesi;2014;25;szt.; 
3200000;ZACHODNIOPOMORSKIE;piesi;2015;21;szt.; 
3200000;ZACHODNIOPOMORSKIE;piesi;2016;21;szt.; 
3200000;ZACHODNIOPOMORSKIE;piesi;2017;23;szt.; 
3200000;ZACHODNIOPOMORSKIE;piesi;2018;16;szt.; 
3200000;ZACHODNIOPOMORSKIE;piesi;2019;28;szt.; 
3200000;ZACHODNIOPOMORSKIE;piesi;2020;16;szt.; 
3200000;ZACHODNIOPOMORSKIE;piesi;2021;8;szt.; 
3200000;ZACHODNIOPOMORSKIE;piesi;2022;9;szt.; 
3200000;ZACHODNIOPOMORSKIE;piesi;2023;8;szt.; 
